va	class	reason	absent_string
0x0041642C	NOISE	readable_but_no_sm;global_ref	Y]肬嬱兡銼V3蓧M靿M鑹M鋴驄
0x0041651C	NOISE	readable_but_no_sm;global_ref	Y]肬嬱
0x00416570	NOISE	absent_string=asm_epilogue_fragment	[嬪]脥@
0x00416888	NOISE	readable_but_no_sm;global_ref	Y]肧嬝嬅鑾
0x00417174	NOISE	readable_but_no_sm;global_ref	_^[嬪]脣繳嬱j
0x0041722C	NOISE	absent_string=asm_epilogue_fragment	[Y]脥@
0x00417278	NOISE	absent_string=asm_epilogue_fragment	[Y]脥@
0x00417718	NOISE	readable_but_no_sm;global_ref	婨黐嬪]脨SVW兡鞁鷭饗詅
0x004180CC	NOISE	readable_but_no_sm;global_ref	婨鴭U黐嬪]肬嬱兡鑃嬝岴鑀瑕
0x00418BD4	NOISE	readable_but_no_sm;global_ref	軪鳾嬪]肧兡鑻貚D$
0x00418CE4	NOISE	readable_but_no_sm;global_ref	軪鳾嬪]肧VW兡鞁鷭饗詅
0x004192BC	NOISE	readable_but_no_sm;global_ref	軪鳾嬪]脨U嬱兡鑃嬝岴鑀枋
0x00419454	NOISE	readable_but_no_sm;global_ref	軪鳾嬪]肧VW兡鞁鷭饗詅
0x0041A890	NOISE	readable_but_no_sm;	^[嬪]脨U嬱兡餝V嬺嬝岴餚鑻
0x0041B264	NOISE	readable_but_no_sm;global_ref	^[Y]脨SV嬺嬝f
0x0041B358	NOISE	readable_but_no_sm;global_ref	^[Y]脨U嬱兡餝V嬺嬝岴餚枨
0x0041BED8	NOISE	absent_string=asm_epilogue_fragment	[YY]脥@
0x00425AEC	NOISE	readable_but_no_sm;	[嬪]脨U嬱兡魟襱
0x00425F08	NOISE	readable_but_no_sm;	嬪]脣繳嬱Q塃鼖E
0x00425FDC	NOISE	readable_but_no_sm;	Y]脨U嬱Q塃鼖E
0x004260F8	NOISE	absent_string=asm_epilogue_fragment	^嬪]
0x004261C8	NOISE	readable_but_no_sm;global_ref	婨鴭U鼖R
0x004266DC	NOISE	readable_but_no_sm;	YY]脨U嬱Q塃鼖E鼉x
0x00426970	NOISE	readable_but_no_sm;	[嬪]脣繳嬱兡鑃3蹓]鑹]靿M魤U鴫E
0x00426ABC	NOISE	readable_but_no_sm;	[嬪]肬嬱兡鴫E鼖E鼖
0x00426B68	NOISE	absent_string=asm_epilogue_fragment	_^[嬪]
0x00426D70	NOISE	absent_string=asm_epilogue_fragment	[嬪]脥@
0x00426DEC	NOISE	rtl_only;	婨鴭錧脨U嬱兡許3蓧M詨M鄩M軌U鴫E
0x00426E48	NOISE	absent_string=asm_epilogue_fragment	[嬪]
0x00427024	NOISE	readable_but_no_sm;	婨鬧嬪]肬嬱兡郤3蓧M鄩M鋲M靿U鴫E
0x004270B0	NOISE	readable_but_no_sm;	婨鬧嬪]脣繳嬱兡饓U鴫E鼖E鼖
0x0042753C	NOISE	readable_but_no_sm;	嬪]肬嬱兡鴫U鴫E黋Y]肬嬱兡鴫U鴫E鼖E鼉x
0x00427740	NOISE	absent_string=asm_epilogue_fragment	[嬪]脥@
0x00427800	NOISE	readable_but_no_sm;	[嬪]脨U嬱兡
0x0042788C	NOISE	absent_string=asm_epilogue_fragment	3繸YYd
0x004288AC	NOISE	readable_but_no_sm;	婨饗U魦錧
0x00428A28	NOISE	readable_but_no_sm;	嬪]脨U嬱兡魟襱
0x00428C20	NOISE	readable_but_no_sm;global_ref	婨鼆}
0x00429368	NOISE	readable_but_no_sm;global_ref	嬪]脣繳嬱兡魤M鼔U魤E鴭E
0x00429804	NOISE	readable_but_no_sm;	婨魦錧
0x0042B0AC	NOISE	readable_but_no_sm;global_ref	嬪]脨U嬱婨
0x0042B468	NOISE	readable_but_no_sm;global_ref	嬪]脣繳嬱j
0x0042B4C4	NOISE	absent_string=asm_epilogue_fragment	YY]脥@
0x0042B584	NOISE	readable_but_no_sm;global_ref	[嬪]脨U嬱兡鋲U鴫E
0x0042BC40	NOISE	readable_but_no_sm;global_ref	婨鬫^[嬪]脥@
0x0042BD84	NOISE	readable_but_no_sm;	嬪]脨U嬱兡
0x0042BF60	NOISE	readable_but_no_sm;	YY]脣繳嬱
0x0042C220	NOISE	readable_but_no_sm;global_ref	YY]肬嬱兡霺3蓧M靿M饒U麎E
0x0042C324	NOISE	readable_but_no_sm;global_ref	婨餥嬪]脣繳嬱兡鳶塙鴫E鼖E黤儀J
0x0042CC38	NOISE	readable_but_no_sm;	嬪]脣繳嬱兡饓E鼖E
0x00435A3C	NOISE	rtl_only;global_ref	奅麐錧脥@
0x00436420	NOISE	readable_but_no_sm;	奅髬錧
0x004369F0	NOISE	readable_but_no_sm;global_ref	嬪]脣繳嬱兡鬝圡鲏U鴫E鼖E黤儀
0x00436C00	NOISE	readable_but_no_sm;global_ref	婨鼆}
0x00436DA4	NOISE	absent_string=asm_epilogue_fragment	[嬪]
0x00436E48	NOISE	readable_but_no_sm;	婨魦錧肬嬱兡饓U鴫E鼖E鼖@
0x00437FBC	NOISE	absent_string=asm_epilogue_fragment	嬪]脥@
0x004380A4	NOISE	readable_but_no_sm;	[嬪]脨U嬱兡
0x00438718	NOISE	readable_but_no_sm;global_ref	嬪]脨U嬱兡袎U鴫E鼖E鼉x(
0x00438AA0	NOISE	absent_string=asm_epilogue_fragment	嬪]脥@
0x00438B4C	NOISE	absent_string=asm_epilogue_fragment	嬪]脥@
0x0043B548	NOISE	readable_but_no_sm;global_ref	婾鼖E鼖
0x0043C630	NOISE	readable_but_no_sm;global_ref	婨魞x
0x00447400	NOISE	absent_string=asm_epilogue_fragment	嬪]脥@
0x004482C4	NOISE	absent_string=asm_epilogue_fragment	嬪]脨U嬱Q圗
0x004492B0	NOISE	absent_string=asm_epilogue_fragment	]脥@
0x00449390	NOISE	readable_but_no_sm;global_ref	]脣纼-袁}
0x00449460	NOISE	readable_but_no_sm;global_ref	Y]脣繳嬱Q塃鼖E鼉x
0x004495C8	NOISE	readable_but_no_sm;global_ref	嬪]脨U嬱兡靿U鴫E鼖E鼖
0x0044970C	NOISE	readable_but_no_sm;	[嬪]肬嬱兡餝塙鴫E鼖E鼖
0x00449778	NOISE	readable_but_no_sm;	[嬪]肬嬱兡鴫U鴫E鼖E鴭
0x0044985C	NOISE	absent_string=asm_epilogue_fragment	嬪]脥@
0x004498E0	NOISE	readable_but_no_sm;global_ref	[嬪]脨U嬱兡鴫U鴫E鼖E鴭
0x00449A94	NOISE	rtl_only;global_ref	]脣繳嬱
0x00449B2C	NOISE	rtl_only;global_ref	[嬪]脨U嬱兡鄩M魤U鴫E鼉}
0x00449C58	NOISE	readable_but_no_sm;global_ref	]脣纼-洮}
0x0044C03C	NOISE	readable_but_no_sm;global_ref	嬪]肬嬱兡
0x0044C17C	NOISE	readable_but_no_sm;global_ref	奅麐錧脣繳嬱兡鴫E鼖E鼆
0x0044C62C	NOISE	absent_string=asm_epilogue_fragment	]脥@
0x0044CA04	NOISE	rtl_only;	婨餥嬪]
0x0044CC24	NOISE	readable_but_no_sm;	軪鑏^[嬪]
0x00455C28	NOISE	readable_but_no_sm;global_ref	嬪]脨U嬱伳忐
0x00455CD0	NOISE	absent_string=asm_epilogue_fragment	嬪]脥@
0x00455DC0	NOISE	readable_but_no_sm;global_ref	嬪]脨U嬱伳忐
0x00455E78	NOISE	readable_but_no_sm;global_ref	嬪]脨U嬱Q塃鼖E鼆
0x00455FE8	NOISE	readable_but_no_sm;global_ref	[嬪]脣繳嬱兡餝塙鴫E鼖E鴭@
0x00457F8C	NOISE	readable_but_no_sm;	嬪]肬嬱兡級E鼱H
0x00458194	NOISE	readable_but_no_sm;	嬪]脣繳嬱兡
0x00458B04	NOISE	readable_but_no_sm;	嬪]脣繳嬱兡鴫E黬
0x00458D10	NOISE	absent_string=asm_epilogue_fragment	[嬪]
0x00459178	NOISE	readable_but_no_sm;global_ref	婨黖^[嬪]
0x0045A998	NOISE	absent_string=asm_epilogue_fragment	嬪]脥@
0x0045AE60	NOISE	readable_but_no_sm;	嬪]脨U嬱兡魟襱
0x0045C0F0	NOISE	readable_but_no_sm;global_ref	婨鼖@
0x00468E44	NOISE	readable_but_no_sm;global_ref	^嬪]脨U嬱兡鴫U鴫E鼖E鼖
0x00469028	NOISE	absent_string=asm_epilogue_fragment	[嬪]
0x00469CCC	NOISE	readable_but_no_sm;global_ref	婨饗錧脨U嬱兡靿U鴫E鼖E鼖
0x0046ADE4	NOISE	readable_but_no_sm;global_ref	婨魦錧脨U嬱兡魤M魤U鴫E鼖E鬚婨鳳hQ
0x0046AF18	NOISE	absent_string=asm_epilogue_fragment	YY]脥@
0x0046B040	NOISE	readable_but_no_sm;global_ref	婨魦錧脣繳嬱兡餝3蹓]饓M魤U鴫E
0x0046B0D0	NOISE	absent_string=asm_epilogue_fragment	[嬪]脥@
0x0046C818	NOISE	readable_but_no_sm;	嬪]脣繳嬱
0x0046C8E0	NOISE	readable_but_no_sm;	^嬪]脨U嬱兡躍V3蓧M軌M鑹M鋲M鄩U鴫E
0x00476358	NOISE	readable_but_no_sm;global_ref	_^嬪]肬嬱兡鳹塙鴫E
0x004780FC	NOISE	absent_string=asm_epilogue_fragment	嬪]脥@
0x00479AD8	NOISE	absent_string=asm_epilogue_fragment	嬪]脥@
0x0047BAD8	NOISE	absent_string=asm_epilogue_fragment	嬪]脥@
0x0047BBE4	NOISE	absent_string=asm_epilogue_fragment	YY]脥@
0x0047C070	NOISE	readable_but_no_sm;	^嬪]脣繳嬱兡銼VW塙鴫E鼖E鴥x
0x00485A98	NOISE	readable_but_no_sm;global_ref	]脣繳嬱
0x00485EA4	NOISE	readable_but_no_sm;global_ref	YY]脣繳嬱兡鴫E鼖E鼉x<
0x00485FBC	NOISE	readable_but_no_sm;	婨鼉xT
0x00486808	NOISE	readable_but_no_sm;global_ref	^嬪]脣繳嬱Q塃鼉
0x00486FE8	NOISE	readable_but_no_sm;global_ref	嬪]脨U嬱兡鳹圲麎E鼕E麐U
0x00487688	NOISE	absent_string=asm_epilogue_fragment	3繸YYd
0x0048B52C	NOISE	absent_string=asm_epilogue_fragment	^[嬪]
0x0048C9A0	NOISE	absent_string=asm_epilogue_fragment	[嬪]
0x00495564	NOISE	readable_but_no_sm;global_ref	[嬪]肬嬱兡鴫E鼖E鼖
0x00496484	NOISE	readable_but_no_sm;global_ref	^嬪]脣繳嬱兡魣M鲏U鴫E鼆}
0x004972D8	NOISE	readable_but_no_sm;global_ref	嬪]脣繳嬱兡鴫U鴫E鼖E鼆
0x00498660	NOISE	readable_but_no_sm;global_ref	YY]脨U嬱Q塃黬
0x0049B6D8	NOISE	readable_but_no_sm;	[嬪]肬嬱婨
0x004A080C	NOISE	readable_but_no_sm;	婨鼉笭@
0x004C5790	NOISE	absent_string=asm_epilogue_fragment	_^[嬪]脥@
0x004C5AF0	NOISE	absent_string=asm_epilogue_fragment	_^[嬪]
0x004C66C0	NOISE	readable_but_no_sm;global_ref	]脣纼-\畗
0x004C6D04	NOISE	readable_but_no_sm;	軪鳾嬪]
0x004C6E04	NOISE	absent_string=asm_epilogue_fragment	_^[YY]脥@
0x004C7014	NOISE	rtl_only;	嬅^[Y]肬嬱QSVW嬺3覊U鼖豄呟|
0x004C75CC	NOISE	readable_but_no_sm;global_ref	軪餩^[嬪]脨U嬱兡鬝VW塃鼉}
0x004C7A48	NOISE	readable_but_no_sm;global_ref	軪餩^[嬪]肬嬱3繳h!|L
0x004C7C34	NOISE	readable_but_no_sm;global_ref	]脣纼-h畗
0x004C7E4C	NOISE	readable_but_no_sm;global_ref	婨鴂^[嬪]脣繳嬱兡鬝VW塙鼖
0x004C7F2C	NOISE	readable_but_no_sm;global_ref	婨鴂^[嬪]脣纼慢f冴
0x004C87C0	NOISE	readable_but_no_sm;global_ref	^[Y]脣繳嬱兡鳶V嬝
0x004C8980	NOISE	readable_but_no_sm;global_ref	]脣纼-p畗
0x004C8A30	NOISE	readable_but_no_sm;global_ref	]脣纼-t畗
0x004C8DF4	NOISE	absent_string=asm_epilogue_fragment	嬅^[嬪]
0x004C90E8	NOISE	readable_but_no_sm;	婨鳼Y]脣榔
0x004C9274	NOISE	readable_but_no_sm;	_^[嬪]肬嬱兡鬝VW嬞塙鴫E鼌踾
0x004C9614	NOISE	readable_but_no_sm;	U嬱兡霺V3缐E鞁]
0x004C9804	NOISE	absent_string=asm_epilogue_fragment	[嬪]
0x004C9CC0	NOISE	readable_but_no_sm;	^[Y]脨U嬱QSVW嬸栉弩
0x004CAA2C	NOISE	absent_string=asm_epilogue_fragment	]脥@
0x004CAD08	NOISE	absent_string=asm_epilogue_fragment	[嬪]
0x004CB0A4	NOISE	absent_string=asm_epilogue_fragment	[嬪]脥@
0x004CB42C	NOISE	absent_string=asm_epilogue_fragment	[嬪]
0x004CB690	NOISE	readable_but_no_sm;global_ref	]脣纼-|畗
0x004CBD08	NOISE	readable_but_no_sm;global_ref	嬪]肬嬱兡鑃3蓧M鑹M靿M魤U鴫E
0x004CC5EC	NOISE	readable_but_no_sm;global_ref	奅鲖錧脣繳嬱兡鑃3蹓]鑹]靾M鵩塙鷫E
0x004D54D4	NOISE	absent_string=asm_epilogue_fragment	^嬪]
0x004D5D14	NOISE	readable_but_no_sm;global_ref	嬪]肬嬱兡
0x004D5DC4	NOISE	readable_but_no_sm;global_ref	嬪]肬嬱兡鴪U麎E鼆}
0x004D6008	NOISE	readable_but_no_sm;global_ref	^[嬪]肬嬱兡鴪U麎E鼖E鼕
0x004D6124	NOISE	absent_string=asm_epilogue_fragment	Y]脥@
0x004D7904	NOISE	readable_but_no_sm;global_ref	[嬪]脣繳嬱兡饓M魤U鴫E鼖E
0x004D7A48	NOISE	absent_string=asm_epilogue_fragment	[嬪]脥@
0x004D7B74	NOISE	readable_but_no_sm;	[嬪]肬嬱兡魤U魤E鴭E
0x004D8134	NOISE	rtl_only;	婨鬧嬪]
0x004D87C8	NOISE	absent_string=asm_epilogue_fragment	_^[嬪]
0x004D8C9C	NOISE	rtl_only;global_ref	]脣纼-劗}
0x004D9358	NOISE	readable_but_no_sm;global_ref	]脣纼-尞}
0x004D9740	NOISE	readable_but_no_sm;global_ref	嬅_^[Y]脨U嬱兡霺VW3蓧M鞁蕝蓌
0x004D97A8	NOISE	readable_but_no_sm;global_ref	奅鲖}鄫u鋴]鑻錧脨
0x004D9C30	NOISE	logging_only;global_ref	-的配置表
0x004DA7EC	NOISE	absent_string=asm_epilogue_fragment	_^[嬪]
0x004DAC14	NOISE	absent_string=asm_epilogue_fragment	_^[嬪]
0x004DBB24	NOISE	readable_but_no_sm;	嬅_^[嬪]脨U嬱兡鳶VW3覊U鴫E鼚u
0x004DC384	NOISE	readable_but_no_sm;	_^[YY]脨U嬱SV嬺嬝岰
0x004DC894	NOISE	readable_but_no_sm;global_ref	婨鼆}
0x004DC970	NOISE	readable_but_no_sm;	婨鼆}
0x004DCBBC	NOISE	readable_but_no_sm;global_ref	嬪]脣繳嬱伳匇
0x004EB118	NOISE	absent_string=asm_epilogue_fragment	嬅_^[嬪]脥@
0x004EB330	NOISE	readable_but_no_sm;	嬅_^[YY]脣繳嬱QSV嬺嬝嬛婥<鑤
0x004F5608	NOISE	absent_string=asm_epilogue_fragment	^[嬪]
0x004F5B38	NOISE	readable_but_no_sm;global_ref	]脣纼-喇}
0x004F5F64	NOISE	readable_but_no_sm;	_^[嬪]脣繳嬱S嬝嬅鐺
0x004F66A8	NOISE	readable_but_no_sm;global_ref	]脣纼-漠}
0x004F80F8	NOISE	absent_string=asm_epilogue_fragment	_^[Y]脥@
0x004F8454	NOISE	readable_but_no_sm;	奅骭^[嬪]
0x004FA7F8	NOISE	readable_but_no_sm;	奅鸰^[嬪]
0x00508504	NOISE	readable_but_no_sm;	嬅_^[Y]脣繳嬱SVW3蹕E
0x00508D50	NOISE	absent_string=asm_epilogue_fragment	嬅_^[嬪]脨U嬱QSVW婨
0x00509B64	NOISE	readable_but_no_sm;	嬅_^[嬪]肬嬱SVW媫
0x0050A6FC	NOISE	absent_string=asm_epilogue_fragment	_^[嬪]脥@
0x0050AD2C	NOISE	readable_but_no_sm;	嬅_^[YY]脣繳嬱兡鑃VW3缐E鑹E靿E鼖u
0x0050ADF0	NOISE	absent_string=asm_epilogue_fragment	嬅_^[嬪]
0x0050B230	NOISE	readable_but_no_sm;global_ref	奅颻^[嬪]
0x0050C12C	NOISE	readable_but_no_sm;	嬅_^[嬪]脣繳嬱兡鑃VW3蓧M鑹U鼖
0x0050C258	NOISE	readable_but_no_sm;	奅鸰^[嬪]脨4臥
0x0050C698	NOISE	readable_but_no_sm;	婨黖^[YY]肬嬱SV婨
0x00515758	NOISE	readable_but_no_sm;global_ref	嬪]肬嬱兡鴫E
0x00515A2C	NOISE	readable_but_no_sm;global_ref	]脣繳嬱
0x00515F58	NOISE	readable_but_no_sm;	軪饗錧脣繳嬱兡
0x00516084	NOISE	absent_string=asm_epilogue_fragment	_^嬪]
0x005160F8	NOISE	readable_but_no_sm;global_ref	_^嬪]肬嬱兡鴉塙鷫E
0x00516204	NOISE	readable_but_no_sm;global_ref	婨鼆}
0x005162D4	NOISE	readable_but_no_sm;global_ref	婨鼆}
0x00516910	NOISE	readable_but_no_sm;global_ref	_^嬪]肬嬱兡
0x00516A0C	NOISE	absent_string=asm_epilogue_fragment	[嬪]
0x00516CAC	NOISE	absent_string=asm_epilogue_fragment	[嬪]
0x00516F54	NOISE	absent_string=asm_epilogue_fragment	[嬪]
0x005170DC	NOISE	absent_string=asm_epilogue_fragment	[嬪]
0x005175DC	NOISE	absent_string=asm_epilogue_fragment	[嬪]
0x005179E8	NOISE	absent_string=asm_epilogue_fragment	[嬪]
0x00517AB8	NOISE	absent_string=asm_epilogue_fragment	[嬪]
0x00517F58	NOISE	absent_string=asm_epilogue_fragment	[嬪]
0x005180E8	NOISE	absent_string=asm_epilogue_fragment	[嬪]
0x0051843C	NOISE	readable_but_no_sm;global_ref	奅鲖錧
0x00518F4C	NOISE	rtl_only;global_ref	_^[嬪]肬嬱兡霺3蹓]饓]靿M魤U鴫E
0x00519250	NOISE	readable_but_no_sm;	[嬪]脨U嬱兡攭M魤U鴫E鼚E擯j
0x005199F4	NOISE	absent_string=asm_epilogue_fragment	[嬪]
0x00519A50	NOISE	absent_string=asm_epilogue_fragment	[嬪]
0x0051A6E0	NOISE	rtl_only;	婨鼆}
0x0051AD98	NOISE	readable_but_no_sm;global_ref	[嬪]脣繳嬱兡萐VW3蹓]葔]虊]袐驆}諵
0x0051AE78	NOISE	readable_but_no_sm;global_ref	_^[嬪]脣繳嬱3繳hy疩
0x0051AF48	NOISE	readable_but_no_sm;global_ref	]脣繳嬱
0x005256C8	NOISE	readable_but_no_sm;global_ref	[嬪]脣繳嬱兡饓U鴫E
0x005258B4	NOISE	absent_string=asm_epilogue_fragment	嬪]脥@
0x00525CBC	NOISE	absent_string=asm_epilogue_fragment	[嬪]脥@
0x005263B0	NOISE	readable_but_no_sm;global_ref	嬪]脣繳嬱兡鴪U麎E鼖E鼕
0x00526810	NOISE	readable_but_no_sm;global_ref	嬪]肬嬱兡魤U鴫E鼖E鼖
0x00526BA8	NOISE	readable_but_no_sm;global_ref	[嬪]脣繳嬱兡魤U鴫E鼖U
0x00526F48	NOISE	readable_but_no_sm;global_ref	[嬪]脨U嬱兡魤U鴫E鼖U
0x00527124	NOISE	readable_but_no_sm;global_ref	嬪]肬嬱兡魟襱
0x005276E4	NOISE	readable_but_no_sm;global_ref	[嬪]肬嬱兡訴W勔t
0x00527824	NOISE	absent_string=asm_epilogue_fragment	嬪]脥@
0x00527CB4	NOISE	readable_but_no_sm;global_ref	嬪]脣繳嬱兡鴪U麎E鼖E鼕
0x005281A4	NOISE	absent_string=asm_epilogue_fragment	_^[嬪]脥@
0x00528334	NOISE	absent_string=asm_epilogue_fragment	_^[嬪]
0x00528A5C	NOISE	absent_string=asm_epilogue_fragment	嬪]脥@
0x00528B40	NOISE	readable_but_no_sm;	[嬪]脣繳嬱兡
0x00528C14	NOISE	rtl_only;	婨鳾嬪]脥@
0x00528D30	NOISE	readable_but_no_sm;	奅鸞嬪]脨U嬱兡鴫E鼖E鼆镐
0x00528E5C	NOISE	readable_but_no_sm;	[嬪]脣繳嬱兡鬝塙鴫E鼖E鼖@4
0x00529024	NOISE	readable_but_no_sm;	[嬪]脣繳嬱兡鬝塙鴫E鼖E鼖@43蓩U鼖
0x005292A4	NOISE	absent_string=asm_epilogue_fragment	嬪]脥@
0x005296D0	NOISE	readable_but_no_sm;	嬪]脨U嬱兡魤E鼖E鼖
0x00529B0C	NOISE	readable_but_no_sm;	嬪]脨U嬱兡魤M魤U鴫E鼖U鴭E鼖
0x00529C08	NOISE	absent_string=asm_epilogue_fragment	[嬪]脥@
0x00529CDC	NOISE	readable_but_no_sm;	[嬪]肬嬱兡鴪U麎E鼕E麐U鼒傪
0x0052A42C	NOISE	readable_but_no_sm;	奅麐錧脣繳嬱兡
0x0052A484	NOISE	readable_but_no_sm;	軪饗錧肬嬱3蒕QQQQQ塙鴫E
0x0052A678	NOISE	absent_string=asm_epilogue_fragment	嬪]脥@
0x0052A83C	NOISE	readable_but_no_sm;	嬪]脨U嬱3蒕QQQQQ塙鴫E
0x0052A898	NOISE	absent_string=asm_epilogue_fragment	嬪]脥@
0x0052AA44	NOISE	readable_but_no_sm;global_ref	嬪]脣繳嬱兡魟襱
0x0052AB54	NOISE	absent_string=asm_epilogue_fragment	嬪]脥@
0x0052AD54	NOISE	readable_but_no_sm;global_ref	嬪]脨U嬱兡鴪U麎E鼖E鼕@
0x0052AEB8	NOISE	readable_but_no_sm;	Y]脨U嬱兡鴫E鼖E鼖@
0x0052BF94	NOISE	readable_but_no_sm;global_ref	嬪]脣繳嬱j
0x0052C1F0	NOISE	readable_but_no_sm;	婨鼆}
0x0052C580	NOISE	readable_but_no_sm;	[嬪]肬嬱兡
0x0052C924	NOISE	readable_but_no_sm;	YY]脣繳嬱兡
0x0052C988	NOISE	readable_but_no_sm;	YY]脣繳嬱兡
0x0052CC74	NOISE	readable_but_no_sm;	嬪]肬嬱3蒕QQQQ塃
0x00535D08	NOISE	absent_string=asm_epilogue_fragment	_^[嬪]
0x0053600C	NOISE	absent_string=asm_epilogue_fragment	_^[嬪]
0x005360C4	NOISE	rtl_only;	_^[嬪]脨U嬱兡鳶VW3蹓]鴭賸
0x0053614C	NOISE	absent_string=asm_epilogue_fragment	_^[YY]脥@
0x005361E8	NOISE	absent_string=asm_epilogue_fragment	^[嬪]
0x00536300	NOISE	absent_string=asm_epilogue_fragment	_^[嬪]
0x00536488	NOISE	absent_string=asm_epilogue_fragment	^[Y]脥@
0x00536500	NOISE	readable_but_no_sm;	^[YY]肬嬱兡鬝塙鴫E鼚U鞴
0x0053663C	NOISE	readable_but_no_sm;	嬈^[Y]肬嬱SVW嬺嬝
0x00536768	NOISE	readable_but_no_sm;	_^[Y]脣繳嬱S嬟嬅
0x0053698C	NOISE	absent_string=asm_epilogue_fragment	^[嬪]
0x00536A94	NOISE	absent_string=asm_epilogue_fragment	^[嬪]
0x00536E10	NOISE	rtl_only;	婨鬫^[嬪]
0x00537634	NOISE	readable_but_no_sm;	婨鬫^[嬪]
0x00537C50	NOISE	rtl_only;global_ref	]脣纼- 瘆
0x00538538	NOISE	readable_but_no_sm;	_^[嬪]脨U嬱兡餝VW3蹓]饓]魦賸
0x00538780	NOISE	absent_string=asm_epilogue_fragment	^[嬪]
0x00538ACC	NOISE	absent_string=asm_epilogue_fragment	_^[嬪]
0x00538F4C	NOISE	absent_string=asm_epilogue_fragment	]脙-$瘆
0x00539114	NOISE	readable_but_no_sm;global_ref	]脣纼-(瘆
0x005397F4	NOISE	readable_but_no_sm;global_ref	Y]肬嬱j
0x00539848	NOISE	readable_but_no_sm;global_ref	Y]肬嬱QSV嬺塃鼖]
0x00539B14	NOISE	absent_string=asm_epilogue_fragment	嬅_^[嬪]
0x00539CF4	NOISE	rtl_only;	嬅^[嬪]肬嬱
0x00539D54	NOISE	rtl_only;	婨鴭U黕[嬪]脥@
0x0053AC1C	NOISE	absent_string=asm_epilogue_fragment	^[嬪]
0x0053B638	NOISE	readable_but_no_sm;global_ref	^[Y]脨U嬱3蒕QQQQQQSVW塙鼖
0x0053B75C	NOISE	absent_string=asm_epilogue_fragment	_^[嬪]脨U嬱j
0x0053B7F8	NOISE	absent_string=asm_epilogue_fragment	^[嬪]脨U嬱
0x0053B9D0	NOISE	readable_but_no_sm;global_ref	_^[嬪]脣繳嬱3繳h_籗
0x0053BB00	NOISE	rtl_only;global_ref	]肬嬱3繳h莼S
0x0053C29C	NOISE	readable_but_no_sm;global_ref	[Y]肬嬱兡霺VW3蹓]靿]饓M魤U鴫E
0x0053C2E8	NOISE	absent_string=asm_epilogue_fragment	_^[嬪]
0x0053C5A0	NOISE	readable_but_no_sm;	[Y]肬嬱兡鑃VW3蹓]鑹]魦駤趬E
0x0053C87C	NOISE	readable_but_no_sm;global_ref	]肬嬱3繳h
0x0054567C	NOISE	absent_string=asm_epilogue_fragment	嬅^[Y]脥@
0x005456E0	NOISE	readable_but_no_sm;	_^[嬪]肬嬱j
0x005457FC	NOISE	readable_but_no_sm;	_^[嬪]脨U嬱兡蠸VW3蹓]饓M魤U鴫E鼖}
0x005458E4	NOISE	absent_string=asm_epilogue_fragment	_^[嬪]
0x005467F4	NOISE	absent_string=asm_epilogue_fragment	]脨U嬱SV3繳h[pT
0x00546AE8	NOISE	rtl_only;global_ref	^[]脣来pT
0x00547200	NOISE	rtl_only;	嬊勠t
0x005472A0	NOISE	readable_but_no_sm;	嬈勠t
0x00547590	NOISE	absent_string=asm_epilogue_fragment	_^[嬪]