site_va	kind	arm	label	target_va	span_end	span_len	status_literal	conservative_hosts
0x100a981e	memcpy	APPLY	土城摆摊	0x6e7930	0x6e7938	8	土城摆摊(已启动)	0x6e7930
0x100a9858	memcpy	APPLY	土城摆摊	0x6e7c1c	0x6e7c26	10	土城摆摊(已启动)	0x6e7c1c
0x100a9895	memcpy	APPLY	土城摆摊	0x6e7c5f	0x6e7c61	2	土城摆摊(已启动)	0x6e7c5f
0x100a994b	memcpy	REVERT	土城摆摊	0x6e7930	0x6e7938	8	土城摆摊(未启动)	0x6e7930
0x100a9985	memcpy	REVERT	土城摆摊	0x6e7c1c	0x6e7c26	10	土城摆摊(未启动)	0x6e7c1c
0x100a99c2	memcpy	REVERT	土城摆摊	0x6e7c5f	0x6e7c61	2	土城摆摊(未启动)	0x6e7c5f
0x100a9a3a	memcpy	APPLY	摆摊穿人	0x77931d	0x779320	3	摆摊穿人(已启动)	0x77931d
0x100a9ac7	memcpy	REVERT	摆摊穿人	0x77931d	0x779320	3	摆摊穿人(未启动)	0x77931d
0x100a9bc2	memcpy	APPLY	随身仓库	0x6e087c	0x6e08a9	45	随身仓库(已启动)	0x6e087c
0x100a9bf9	memcpy	APPLY	随身仓库	0x6c2ab9	0x6c2abf	6	随身仓库(已启动)	0x6c2ab9
0x100a9c33	memcpy	APPLY	随身仓库	0x6c2dc9	0x6c2dcf	6	随身仓库(已启动)	0x6c2dc9
0x100a9d2c	memcpy	REVERT	随身仓库	0x6e087c	0x6e08a9	45	随身仓库(未启动)	0x6e087c
0x100a9d63	memcpy	REVERT	随身仓库	0x6c2ab9	0x6c2abf	6	随身仓库(未启动)	0x6c2ab9
0x100a9d9d	memcpy	REVERT	随身仓库	0x6c2dc9	0x6c2dcf	6	随身仓库(未启动)	0x6c2dc9
0x100a9e9b	memcpy	APPLY	召唤神兽	0x76ee99	0x76ee9a	1	召唤神兽(已启动)	0x76ee99
0x100a9ed5	memcpy	APPLY	召唤神兽	0x76eeec	0x76eef0	4	召唤神兽(已启动)	0x76eeec
0x100a9f6b	memcpy	REVERT	召唤神兽	0x76ee99	0x76ee9a	1	召唤神兽(未启动)	0x76ee99
0x100a9fa5	memcpy	REVERT	召唤神兽	0x76eeec	0x76eef0	4	召唤神兽(未启动)	0x76eeec
0x100aa04b	memcpy	APPLY	召唤骷髅	0x76ee1f	0x76ee20	1	召唤骷髅(已启动)	0x76ee1f
0x100aa0ea	memcpy	REVERT	召唤骷髅	0x76ee1f	0x76ee20	1	召唤骷髅(未启动)	0x76ee1f
0x100aa19a	memcpy	APPLY	攻沙脚本控制	0x65c6b6	0x65c6bc	6	攻沙脚本控制(已启动)	0x65c6b6
0x100aa1d4	memcpy	APPLY	攻沙脚本控制	0x65c76d	0x65c76f	2	攻沙脚本控制(已启动)	0x65c76d
0x100aa211	memcpy	APPLY	攻沙脚本控制	0x65c785	0x65c787	2	攻沙脚本控制(已启动)	0x65c785
0x100aa26b	memcpy	REVERT	攻沙脚本控制	0x65c6b6	0x65c6bc	6	攻沙脚本控制(未启动)	0x65c6b6
0x100aa2a5	memcpy	REVERT	攻沙脚本控制	0x65c76d	0x65c76f	2	攻沙脚本控制(未启动)	0x65c76d
0x100aa2e2	memcpy	REVERT	攻沙脚本控制	0x65c785	0x65c787	2	攻沙脚本控制(未启动)	0x65c785
0x100aa479	tramp2	APPLY	安全区禁止丢物	0x73cc98	0x73cc9e	6	安全区禁止丢物(已启动)	0x73cc98 0x73cc9e
0x100aa52d	memcpy	REVERT	安全区禁止丢物	0x73cc98	0x73cc9e	6	安全区禁止丢物(未启动)	0x73cc98
0x100aa60e	tramp2	APPLY	邮件防刷	0x6e7810	0x6e7815	5	邮件防刷(已启动)	0x6e7810 0x6e7815
0x100aa6c0	memcpy	REVERT	邮件防刷	0x6e7810	0x6e7815	5	邮件防刷(未启动)	0x6e7810
0x100aa765	tramp2	APPLY	防0拆分	0x6e0ff3	0x6e0ff9	6	防0拆分(已启动)	0x6e0ff3 0x6e0ff9
0x100aa819	memcpy	REVERT	防0拆分	0x6e0ff3	0x6e0ff9	6	防0拆分(未启动)	0x6e0ff3
0x100aa8b2	memcpy	APPLY	穿人穿怪	0x6b30a3	0x6b30ad	10	穿人穿怪(已启动)	0x6b30a3
0x100aa8ec	memcpy	APPLY	穿人穿怪	0x768454	0x768457	3	穿人穿怪(已启动)	0x768454
0x100aa99e	memcpy	REVERT	穿人穿怪	0x6b30a3	0x6b30ad	10	穿人穿怪(未启动)	0x6b30a3
0x100aa9d8	memcpy	REVERT	穿人穿怪	0x768454	0x768457	3	穿人穿怪(未启动)	0x768454
0x100aaa69	tramp2	APPLY	禁止交易地图	0x6c3f00	0x6c3f05	5	禁止交易地图(已启动)	0x6c3f00 0x6c3f05
0x100aab1b	memcpy	REVERT	禁止交易地图	0x6c3f00	0x6c3f05	5	禁止交易地图(未启动)	0x6c3f00
0x100aabb6	tramp2	APPLY	禁止宝宝休息	0x623a73	0x623a7a	7	禁止宝宝休息(已启动)	0x623a73 0x623a7a
0x100aac71	memcpy	REVERT	禁止宝宝休息	0x623a73	0x623a7a	7	禁止宝宝休息(未启动)	0x623a73
0x100aacef	memcpy	APPLY	行会显示	0x6c5bcb	0x6c5bcd	2	行会显示(已启动)	0x6c5bcb
0x100aad29	memcpy	APPLY	行会显示	0x6c5bf7	0x6c5bf9	2	行会显示(已启动)	0x6c5bf7
0x100aadc0	memcpy	REVERT	行会显示	0x6c5bcb	0x6c5bcd	2	行会显示(未启动)	0x6c5bcb
0x100aadfa	memcpy	REVERT	行会显示	0x6c5bf7	0x6c5bf9	2	行会显示(未启动)	0x6c5bf7
0x100aaebd	memcpy	APPLY	修复卡防御	0x767910	0x767911	1	修复卡防御(已启动)	0x767910
0x100aaf41	memcpy	REVERT	修复卡防御	0x767910	0x767911	1	修复卡防御(未启动)	0x767910
0x100ab009	memcpy	APPLY	地面物品消失时间	0x77a3ff	0x77a403	4	地面物品消失时间(已启动)	0x77a3ff
0x100ab090	memcpy	REVERT	地面物品消失时间	0x77a3ff	0x77a403	4	地面物品消失时间(未启动)	0x77a3ff
0x100ab10b	memcpy	APPLY	下线宝宝死亡	0x6b5ba1	0x6b5ba7	6	下线宝宝死亡(已启动)	0x6b5ba1
0x100ab19b	memcpy	REVERT	下线宝宝死亡	0x6b5ba1	0x6b5ba7	6	下线宝宝死亡(未启动)	0x6b5ba1
0x100ab4ac	memcpy	APPLY	屏蔽属性提升提示	0x741a21	0x741a26	5	屏蔽属性提升提示(已启动)	0x741a21
0x100ab4e6	memcpy	APPLY	屏蔽属性提升提示	0x741a5c	0x741a61	5	屏蔽属性提升提示(已启动)	0x741a5c
0x100ab523	memcpy	APPLY	屏蔽属性提升提示	0x741a97	0x741a9c	5	屏蔽属性提升提示(已启动)	0x741a97
0x100ab560	memcpy	APPLY	屏蔽属性提升提示	0x741ad2	0x741ad7	5	屏蔽属性提升提示(已启动)	0x741ad2
0x100ab59d	memcpy	APPLY	屏蔽属性提升提示	0x741b0d	0x741b12	5	屏蔽属性提升提示(已启动)	0x741b0d
0x100ab5da	memcpy	APPLY	屏蔽属性提升提示	0x741b48	0x741b4d	5	屏蔽属性提升提示(已启动)	0x741b48
0x100ab617	memcpy	APPLY	屏蔽属性提升提示	0x741b83	0x741b88	5	屏蔽属性提升提示(已启动)	0x741b83
0x100ab654	memcpy	APPLY	屏蔽属性提升提示	0x741bbe	0x741bc3	5	屏蔽属性提升提示(已启动)	0x741bbe
0x100ab691	memcpy	APPLY	屏蔽属性提升提示	0x741bf9	0x741bfe	5	屏蔽属性提升提示(已启动)	0x741bf9
0x100ab6ce	memcpy	APPLY	屏蔽属性提升提示	0x741c34	0x741c39	5	屏蔽属性提升提示(已启动)	0x741c34
0x100ab70b	memcpy	APPLY	屏蔽属性提升提示	0x741c6f	0x741c74	5	屏蔽属性提升提示(已启动)	0x741c6f
0x100ab748	memcpy	APPLY	屏蔽属性提升提示	0x741caa	0x741caf	5	屏蔽属性提升提示(已启动)	0x741caa
0x100ab785	memcpy	APPLY	屏蔽属性提升提示	0x741ce5	0x741cea	5	屏蔽属性提升提示(已启动)	0x741ce5
0x100ab7c2	memcpy	APPLY	屏蔽属性提升提示	0x741d20	0x741d25	5	屏蔽属性提升提示(已启动)	0x741d20
0x100ab7ff	memcpy	APPLY	屏蔽属性提升提示	0x741d5b	0x741d60	5	屏蔽属性提升提示(已启动)	0x741d5b
0x100ab83c	memcpy	APPLY	屏蔽属性提升提示	0x741dfd	0x741e02	5	屏蔽属性提升提示(已启动)	0x741dfd
0x100ab879	memcpy	APPLY	屏蔽属性提升提示	0x74281d	0x742826	9	屏蔽属性提升提示(已启动)	0x74281d
0x100ab8b6	memcpy	APPLY	屏蔽属性提升提示	0x742835	0x74283e	9	屏蔽属性提升提示(已启动)	0x742835
0x100ab8f3	memcpy	APPLY	屏蔽属性提升提示	0x74284d	0x742856	9	屏蔽属性提升提示(已启动)	0x74284d
0x100ab930	memcpy	APPLY	屏蔽属性提升提示	0x742865	0x74286e	9	屏蔽属性提升提示(已启动)	0x742865
0x100ab96d	memcpy	APPLY	屏蔽属性提升提示	0x74287d	0x742886	9	屏蔽属性提升提示(已启动)	0x74287d
0x100ab9aa	memcpy	APPLY	屏蔽属性提升提示	0x742895	0x74289e	9	屏蔽属性提升提示(已启动)	0x742895
0x100ab9e7	memcpy	APPLY	屏蔽属性提升提示	0x7428ad	0x7428b6	9	屏蔽属性提升提示(已启动)	0x7428ad
0x100aba24	memcpy	APPLY	屏蔽属性提升提示	0x7428c5	0x7428ce	9	屏蔽属性提升提示(已启动)	0x7428c5
0x100aba61	memcpy	APPLY	屏蔽属性提升提示	0x7428dd	0x7428e6	9	屏蔽属性提升提示(已启动)	0x7428dd
0x100aba9e	memcpy	APPLY	屏蔽属性提升提示	0x74290d	0x742916	9	屏蔽属性提升提示(已启动)	0x74290d
0x100abadb	memcpy	APPLY	屏蔽属性提升提示	0x742925	0x74292e	9	屏蔽属性提升提示(已启动)	0x742925
0x100abb15	memcpy	APPLY	屏蔽属性提升提示	0x74293d	0x742946	9	屏蔽属性提升提示(已启动)	0x74293d
0x100abb4f	memcpy	APPLY	屏蔽属性提升提示	0x742955	0x74295e	9	屏蔽属性提升提示(已启动)	0x742955
0x100abb89	memcpy	APPLY	屏蔽属性提升提示	0x74296d	0x742976	9	屏蔽属性提升提示(已启动)	0x74296d
0x100abbc6	memcpy	APPLY	屏蔽属性提升提示	0x74298c	0x742995	9	屏蔽属性提升提示(已启动)	0x74298c
0x100abed8	memcpy	REVERT	屏蔽属性提升提示	0x741a21	0x741a26	5	屏蔽属性提升提示(未启动)	0x741a21
0x100abf12	memcpy	REVERT	屏蔽属性提升提示	0x741a5c	0x741a61	5	屏蔽属性提升提示(未启动)	0x741a5c
0x100abf4c	memcpy	REVERT	屏蔽属性提升提示	0x741a97	0x741a9c	5	屏蔽属性提升提示(未启动)	0x741a97
0x100abf86	memcpy	REVERT	屏蔽属性提升提示	0x741ad2	0x741ad7	5	屏蔽属性提升提示(未启动)	0x741ad2
0x100abfc3	memcpy	REVERT	屏蔽属性提升提示	0x741b0d	0x741b12	5	屏蔽属性提升提示(未启动)	0x741b0d
0x100ac000	memcpy	REVERT	屏蔽属性提升提示	0x741b48	0x741b4d	5	屏蔽属性提升提示(未启动)	0x741b48
0x100ac03d	memcpy	REVERT	屏蔽属性提升提示	0x741b83	0x741b88	5	屏蔽属性提升提示(未启动)	0x741b83
0x100ac07a	memcpy	REVERT	屏蔽属性提升提示	0x741bbe	0x741bc3	5	屏蔽属性提升提示(未启动)	0x741bbe
0x100ac0b7	memcpy	REVERT	屏蔽属性提升提示	0x741bf9	0x741bfe	5	屏蔽属性提升提示(未启动)	0x741bf9
0x100ac0f4	memcpy	REVERT	屏蔽属性提升提示	0x741c34	0x741c39	5	屏蔽属性提升提示(未启动)	0x741c34
0x100ac131	memcpy	REVERT	屏蔽属性提升提示	0x741c6f	0x741c74	5	屏蔽属性提升提示(未启动)	0x741c6f
0x100ac16b	memcpy	REVERT	屏蔽属性提升提示	0x741caa	0x741caf	5	屏蔽属性提升提示(未启动)	0x741caa
0x100ac1a5	memcpy	REVERT	屏蔽属性提升提示	0x741ce5	0x741cea	5	屏蔽属性提升提示(未启动)	0x741ce5
0x100ac1df	memcpy	REVERT	屏蔽属性提升提示	0x741d20	0x741d25	5	屏蔽属性提升提示(未启动)	0x741d20
0x100ac219	memcpy	REVERT	屏蔽属性提升提示	0x741d5b	0x741d60	5	屏蔽属性提升提示(未启动)	0x741d5b
0x100ac253	memcpy	REVERT	屏蔽属性提升提示	0x741dfd	0x741e02	5	屏蔽属性提升提示(未启动)	0x741dfd
0x100ac290	memcpy	REVERT	屏蔽属性提升提示	0x74281d	0x742826	9	屏蔽属性提升提示(未启动)	0x74281d
0x100ac2cd	memcpy	REVERT	屏蔽属性提升提示	0x742835	0x74283e	9	屏蔽属性提升提示(未启动)	0x742835
0x100ac30a	memcpy	REVERT	屏蔽属性提升提示	0x74284d	0x742856	9	屏蔽属性提升提示(未启动)	0x74284d
0x100ac347	memcpy	REVERT	屏蔽属性提升提示	0x742865	0x74286e	9	屏蔽属性提升提示(未启动)	0x742865
0x100ac384	memcpy	REVERT	屏蔽属性提升提示	0x74287d	0x742886	9	屏蔽属性提升提示(未启动)	0x74287d
0x100ac3c1	memcpy	REVERT	屏蔽属性提升提示	0x742895	0x74289e	9	屏蔽属性提升提示(未启动)	0x742895
0x100ac3fe	memcpy	REVERT	屏蔽属性提升提示	0x7428ad	0x7428b6	9	屏蔽属性提升提示(未启动)	0x7428ad
0x100ac43b	memcpy	REVERT	屏蔽属性提升提示	0x7428c5	0x7428ce	9	屏蔽属性提升提示(未启动)	0x7428c5
0x100ac478	memcpy	REVERT	屏蔽属性提升提示	0x7428dd	0x7428e6	9	屏蔽属性提升提示(未启动)	0x7428dd
0x100ac4b5	memcpy	REVERT	屏蔽属性提升提示	0x74290d	0x742916	9	屏蔽属性提升提示(未启动)	0x74290d
0x100ac4f2	memcpy	REVERT	屏蔽属性提升提示	0x742925	0x74292e	9	屏蔽属性提升提示(未启动)	0x742925
0x100ac52f	memcpy	REVERT	屏蔽属性提升提示	0x74293d	0x742946	9	屏蔽属性提升提示(未启动)	0x74293d
0x100ac56c	memcpy	REVERT	屏蔽属性提升提示	0x742955	0x74295e	9	屏蔽属性提升提示(未启动)	0x742955
0x100ac5a9	memcpy	REVERT	屏蔽属性提升提示	0x74296d	0x742976	9	屏蔽属性提升提示(未启动)	0x74296d
0x100ac5e6	memcpy	REVERT	屏蔽属性提升提示	0x74298c	0x742995	9	屏蔽属性提升提示(未启动)	0x74298c
0x100ac678	memcpy	APPLY	屏蔽发言频繁禁言功能	0x6bb56a	0x6bb570	6	屏蔽发言频繁禁言功能(已启动)	0x6bb56a
0x100ac6b2	memcpy	APPLY	屏蔽发言频繁禁言功能	0x6bb579	0x6bb57f	6	屏蔽发言频繁禁言功能(已启动)	0x6bb579
0x100ac75d	memcpy	REVERT	屏蔽发言频繁禁言功能	0x6bb56a	0x6bb570	6	屏蔽发言频繁禁言功能(未启动)	0x6bb56a
0x100ac797	memcpy	REVERT	屏蔽发言频繁禁言功能	0x6bb579	0x6bb57f	6	屏蔽发言频繁禁言功能(未启动)	0x6bb579
0x100ac889	memcpy	APPLY	屏蔽元宝增减信息	0x6f9002	0x6f9004	2	屏蔽元宝增减信息(已启动)	0x6f9002
0x100ac8c3	memcpy	APPLY	屏蔽元宝增减信息	0x6f9047	0x6f9049	2	屏蔽元宝增减信息(已启动)	0x6f9047
0x100ac8fd	memcpy	APPLY	屏蔽元宝增减信息	0x6f8bcf	0x6f8bd6	7	屏蔽元宝增减信息(已启动)	0x6f8bcf
0x100ac937	memcpy	APPLY	屏蔽元宝增减信息	0x6f8c02	0x6f8c09	7	屏蔽元宝增减信息(已启动)	0x6f8c02
0x100ac974	memcpy	APPLY	屏蔽元宝增减信息	0x6f8b25	0x6f8b28	3	屏蔽元宝增减信息(已启动)	0x6f8b25
0x100ac9b1	memcpy	APPLY	屏蔽元宝增减信息	0x6f8b62	0x6f8b65	3	屏蔽元宝增减信息(已启动)	0x6f8b62
0x100ac9ee	memcpy	APPLY	屏蔽元宝增减信息	0x6f8288	0x6f828b	3	屏蔽元宝增减信息(已启动)	0x6f8288
0x100aca2b	memcpy	APPLY	屏蔽元宝增减信息	0x6f82c5	0x6f82c8	3	屏蔽元宝增减信息(已启动)	0x6f82c5
0x100acb2d	memcpy	REVERT	屏蔽元宝增减信息	0x6f9002	0x6f9004	2	屏蔽元宝增减信息(未启动)	0x6f9002
0x100acb67	memcpy	REVERT	屏蔽元宝增减信息	0x6f9047	0x6f9049	2	屏蔽元宝增减信息(未启动)	0x6f9047
0x100acba1	memcpy	REVERT	屏蔽元宝增减信息	0x6f8bcf	0x6f8bd6	7	屏蔽元宝增减信息(未启动)	0x6f8bcf
0x100acbd8	memcpy	REVERT	屏蔽元宝增减信息	0x6f8c02	0x6f8c09	7	屏蔽元宝增减信息(未启动)	0x6f8c02
0x100acc15	memcpy	REVERT	屏蔽元宝增减信息	0x6f8b25	0x6f8b28	3	屏蔽元宝增减信息(未启动)	0x6f8b25
0x100acc52	memcpy	REVERT	屏蔽元宝增减信息	0x6f8b62	0x6f8b65	3	屏蔽元宝增减信息(未启动)	0x6f8b62
0x100acc8f	memcpy	REVERT	屏蔽元宝增减信息	0x6f8288	0x6f828b	3	屏蔽元宝增减信息(未启动)	0x6f8288
0x100acccc	memcpy	REVERT	屏蔽元宝增减信息	0x6f82c5	0x6f82c8	3	屏蔽元宝增减信息(未启动)	0x6f82c5
0x100acd37	memcpy	APPLY	屏蔽元宝数据库日志	0x70f6dc	0x70f6dd	1	屏蔽元宝数据库日志(已启动)	0x70f6dc
0x100acdbb	memcpy	REVERT	屏蔽元宝数据库日志	0x70f6dc	0x70f6dd	1	屏蔽元宝数据库日志(未启动)	0x70f6dc
0x100acec7	memcpy	APPLY	指定地图编号摆摊	0x6e7930	0x6e7934	4	指定地图编号摆摊(已启动)	0x6e7930
0x100acf06	memcpy	APPLY	指定地图编号摆摊	0x6e7934	-	-	指定地图编号摆摊(已启动)	0x6e7934
0x100acf40	memcpy	APPLY	指定地图编号摆摊	0x6e7c5f	0x6e7c61	2	指定地图编号摆摊(已启动)	0x6e7c5f
0x100acf7a	memcpy	APPLY	指定地图编号摆摊	0x6e7c1c	0x6e7c26	10	指定地图编号摆摊(已启动)	0x6e7c1c
0x100ad04b	memcpy	REVERT	指定地图编号摆摊	0x6e7930	0x6e7938	8	指定地图编号摆摊(未启动)	0x6e7930
0x100ad085	memcpy	REVERT	指定地图编号摆摊	0x6e7c1c	0x6e7c26	10	指定地图编号摆摊(未启动)	0x6e7c1c
0x100ad0bf	memcpy	REVERT	指定地图编号摆摊	0x6e7c5f	0x6e7c61	2	指定地图编号摆摊(未启动)	0x6e7c5f
0x100ad12a	memcpy	APPLY	关闭摆摊	0x6e7c38	0x6e7c39	1	关闭摆摊(已关闭)	0x6e7c38
0x100ad1ae	memcpy	REVERT	关闭摆摊	0x6e7c38	0x6e7c39	1	关闭摆摊(未关闭)	0x6e7c38
0x100ad427	tramp2	APPLY	死亡触发	0x6c09b5	0x6c09ba	5	死亡触发(已启动)	0x6c09b5
0x100ad555	memcpy	REVERT	死亡触发	0x6c09b5	0x6c09ba	5	死亡触发(未启动)	0x6c09b5
0x100ad628	tramp2	APPLY	回城按钮触发	0x6dbb80	0x6dbb85	5	回城按钮触发(已启动)	0x6dbb80 0x6dbb85
0x100ad768	memcpy	REVERT	回城按钮触发	0x6dbb80	0x6dbb85	5	回城按钮触发(未启动)	0x6dbb80
0x100ad8d1	tramp2	APPLY	盘古穿戴触发	0x6d8e35	0x6d8e3a	5	盘古穿戴触发(已启动)	-
0x100ad91d	tramp2	APPLY	盘古穿戴触发	0x6d8e4d	0x6d8e52	5	盘古穿戴触发(已启动)	0x6d8e4d 0x6d8e52
0x100adac7	memcpy	REVERT	盘古穿戴触发	0x6d8e35	0x6d8e3a	5	盘古穿戴触发(未启动)	0x6d8e35
0x100adb05	memcpy	REVERT	盘古穿戴触发	0x6d8e4d	0x6d8e52	5	盘古穿戴触发(未启动)	0x6d8e4d
0x100addbf	tramp2	APPLY	盘古魔法攻击触发	0x76e1af	0x76e1b6	7	盘古魔法攻击触发(已启动)	-
0x100ade0e	tramp2	APPLY	盘古魔法攻击触发	0x76dec0	0x76dec7	7	盘古魔法攻击触发(已启动)	0x76dec0 0x76dec7
0x100adfbe	memcpy	REVERT	盘古魔法攻击触发	0x76e1af	0x76e1b6	7	盘古魔法攻击触发(未启动)	0x76e1af
0x100adffc	memcpy	REVERT	盘古魔法攻击触发	0x76dec0	0x76dec7	7	盘古魔法攻击触发(未启动)	0x76dec0
0x100ae0e1	tramp2	APPLY	挖矿触发	0x6ec111	0x6ec116	5	挖矿触发(已启动)	0x6ec111
0x100ae20f	memcpy	REVERT	挖矿触发	0x6ec111	0x6ec116	5	挖矿触发(未启动)	0x6ec111
0x100ae2f6	tramp2	APPLY	召唤骷髅触发	0x6edb44	0x6edb49	5	召唤骷髅触发(已启动)	0x6edb44 0x6edb49
0x100ae438	memcpy	REVERT	召唤骷髅触发	0x6edb44	0x6edb49	5	召唤骷髅触发(未启动)	0x6edb44
0x100ae51f	tramp2	APPLY	召唤神兽触发	0x6edc5e	0x6edc63	5	召唤神兽触发(已启动)	0x6edc5e 0x6edc63
0x100ae668	memcpy	REVERT	召唤神兽触发	0x6edc5e	0x6edc63	5	召唤神兽触发(未启动)	0x6edc5e
0x100ae7f5	tramp2	APPLY	心灵启示触发	0x6edc2b	0x6edc30	5	心灵启示触发(已启动)	-
0x100ae93d	memcpy	REVERT	心灵启示触发	0x6edc2b	0x6edc30	5	心灵启示触发(未启动)	0x6edc2b
0x100aeb28	tramp2	APPLY	脚本控制头发外显	0x740f85	0x740f8a	5	脚本控制头发外显(已启动)	0x740f85 0x740f8a
0x100aebd1	memcpy	REVERT	脚本控制头发外显	0x740f85	0x740f8a	5	脚本控制头发外显(未启动)	0x740f85
0x100aede2	memcpy	APPLY	盘古高级属性	0x6ba72d	0x6ba741	20	盘古高级属性(已启动)	0x6ba72d
0x100aee1c	memcpy	APPLY	盘古高级属性	0x6f9ab0	0x6f9adb	43	盘古高级属性(已启动)	0x6f9ab0
0x100aee46	tramp2	APPLY	盘古高级属性	0x6ba718	0x6ba71d	5	盘古高级属性(已启动)	0x6ba718 0x6ba71d
0x100aefad	memcpy	REVERT	盘古高级属性	0x6ba718	0x6ba71d	5	盘古高级属性(未启动)	0x6ba718
0x100aefe7	memcpy	REVERT	盘古高级属性	0x6ba72d	0x6ba744	23	盘古高级属性(未启动)	0x6ba72d
0x100af021	memcpy	REVERT	盘古高级属性	0x6f9ab0	0x6f9adb	43	盘古高级属性(未启动)	0x6f9ab0
0x100b2199	tramp2	APPLY	武器绿毒	0x76e2bc	0x76e2c3	7	武器绿毒(已启动)	-
0x100b224e	memcpy	REVERT	武器绿毒	0x76e2bc	0x76e2c3	7	武器绿毒(未启动)	0x76e2bc
0x100b2468	tramp2	APPLY	噬魂沼泽绿毒修复	0x691e2e	0x691e34	6	噬魂沼泽绿毒修复(已启动)	0x691e2e
0x100b2516	memcpy	REVERT	噬魂沼泽绿毒修复	0x691e2e	0x691e34	6	噬魂沼泽绿毒修复(未启动)	0x691e2e
0x100b26d5	tramp2	APPLY	物功带毒	0x76e2bc	0x76e2c3	7	物功带毒(已启动)	-
0x100b278a	memcpy	REVERT	物功带毒	0x76e2bc	0x76e2c3	7	物功带毒(未启动)	0x76e2bc
0x100b2959	tramp2	APPLY	法师群毒	0x76e1a9	0x76e1af	6	法师群毒(已启动)	-
0x100b2a07	memcpy	REVERT	法师群毒	0x76e1a9	0x76e1af	6	法师群毒(未启动)	0x76e1a9
0x100b2bc6	tramp2	APPLY	雷电带毒	0x76eb1d	0x76eb24	7	雷电带毒(已启动)	-
0x100b2c7b	memcpy	REVERT	雷电带毒	0x76eb1d	0x76eb24	7	雷电带毒(未启动)	0x76eb1d
0x100b2e4a	tramp2	APPLY	半月带毒	0x7720fb	0x772101	6	半月带毒(已启动)	-
0x100b2ef8	memcpy	REVERT	半月带毒	0x7720fb	0x772101	6	半月带毒(未启动)	0x7720fb
0x100b381e	tramp2	APPLY	野蛮麻痹	0x6bc9e2	0x6bc9e7	5	野蛮麻痹(已启动)	0x6bc9e2
0x100b38ca	memcpy	REVERT	野蛮麻痹	0x6bc9e2	0x6bc9e7	5	野蛮麻痹(未启动)	0x6bc9e2
0x100b39b3	tramp2	APPLY	火墙设置时间上限	0x7706b6	0x7706bc	6	火墙设置时间上限(已启动)	0x7706b6 0x7706bc
0x100b3a61	memcpy	REVERT	火墙设置时间上限	0x7706b6	0x7706bc	6	火墙设置时间上限(未启动)	0x7706b6
0x100b417c	memcpy	APPLY	刺杀剑术	0x771c25	0x771c27	2	刺杀剑术(已重设)	0x771c25
0x100b45a3	memcpy	APPLY	烈火剑法	0x76b0ec	0x76b0ef	3	烈火剑法(已重设)	0x76b0ec
0x100b45da	memcpy	APPLY	烈火剑法	0x77231d	0x77231f	2	烈火剑法(已重设)	0x77231d
0x100b4750	memcpy	APPLY	逐日剑法	0x76b14c	0x76b152	6	逐日剑法(已重设)	0x76b14c
0x100b4787	memcpy	APPLY	逐日剑法	0x76b13e	0x76b140	2	逐日剑法(已重设)	0x76b13e
0x100b49d9	memcpy	APPLY	基本剑术	0x76af96	0x76af99	3	基本剑术(已重设)	0x76af96
0x100b4a10	memcpy	APPLY	基本剑术	0x76afa9	0x76afaf	6	基本剑术(已重设)	0x76afa9
0x100b4b98	memcpy	APPLY	设置玩家称号函数_支持80字符	0x6df754	0x6df799	69	设置玩家称号函数_支持80字符(已启动)	0x6df754
0x100b4cc8	memcpy	REVERT	设置玩家称号函数_支持80字符	0x6df754	0x6df799	69	设置玩家称号函数_支持80字符(未启动)	0x6df754
0x100b4d4c	memcpy	APPLY	ServerSay函数	0x728913	0x72891f	12	ServerSay函数(已启动)	0x728913
0x100b4de1	memcpy	REVERT	ServerSay函数	0x728913	0x72891f	12	ServerSay函数(未启动)	0x728913
0x100b8581	memcpy	APPLY	施毒术	0x76e599	0x76e5b8	31	施毒术(已重设)	0x76e599
0x100b8776	tramp2	APPLY	中毒时间上限	0x76e675	0x76e67a	5	中毒时间上限(已重设)	-
0x100b87bf	tramp2	APPLY	中毒时间上限	0x76e5ce	0x76e5d3	5	中毒时间上限(已重设)	0x76e5ce 0x76e5d3
0x100b88b5	memcpy	REVERT	中毒时间上限	0x76e675	0x76e67a	5	中毒时间上限(待重设)	0x76e675
0x100b88f0	memcpy	REVERT	中毒时间上限	0x76e5ce	0x76e5d3	5	中毒时间上限(待重设)	0x76e5ce
0x100b91a8	memcpy	APPLY	屏蔽排行榜	0x6cba88	0x6cba89	1	屏蔽排行榜(已启动)	0x6cba88
0x100b9226	memcpy	REVERT	屏蔽排行榜	0x6cba88	0x6cba89	1	屏蔽排行榜(未启动)	0x6cba88
0x100b92fd	tramp2	APPLY	装备吸血	0x76e2a3	0x76e2a9	6	装备吸血(已启动)	0x76e2a3
0x100b93af	memcpy	REVERT	装备吸血	0x76e2a3	0x76e2a9	6	装备吸血(未启用)	0x76e2a3
0x100b9595	memcpy	APPLY	获取玩家对象函数	0x646f40	0x646f88	72	获取玩家对象函数(已启动)	0x646f40
0x100b95c9	memcpy	APPLY	获取玩家对象函数	0x647d24	0x647d78	84	获取玩家对象函数(已启动)	0x647d24
0x100b9600	memcpy	APPLY	获取玩家对象函数	0x736ef8	0x736f04	12	获取玩家对象函数(已启动)	0x736ef8
0x100b9637	memcpy	APPLY	获取玩家对象函数	0x736b28	0x736b31	9	获取玩家对象函数(已启动)	0x736b28
0x100b9833	memcpy	REVERT	获取玩家对象函数	0x647d24	0x647d78	84	获取玩家对象函数(未启用)	0x647d24
0x100b986a	memcpy	REVERT	获取玩家对象函数	0x736ef8	0x736f04	12	获取玩家对象函数(未启用)	0x736ef8
0x100b98a1	memcpy	REVERT	获取玩家对象函数	0x646f40	0x646f88	72	获取玩家对象函数(未启用)	0x646f40
0x100b98d8	memcpy	REVERT	获取玩家对象函数	0x736b28	0x736b31	9	获取玩家对象函数(未启用)	0x736b28
0x100b99d9	tramp2	APPLY	脚本控制人物爆率	0x6df2cc	0x6df2d5	9	脚本控制人物爆率(已启动)	-
0x100b9a35	memcpy	APPLY	脚本控制人物爆率	0x73dac5	0x73dacb	6	脚本控制人物爆率(已启动)	0x73dac5
0x100b9a6c	memcpy	APPLY	脚本控制人物爆率	0x73d578	0x73d57f	7	脚本控制人物爆率(已启动)	0x73d578
0x100b9b32	memcpy	REVERT	脚本控制人物爆率	0x6df2cc	0x6df2d5	9	脚本控制人物爆率(未启用)	0x6df2cc
0x100b9b69	memcpy	REVERT	脚本控制人物爆率	0x73dac5	0x73dacb	6	脚本控制人物爆率(未启用)	0x73dac5
0x100b9ba0	memcpy	REVERT	脚本控制人物爆率	0x73d578	0x73d57f	7	脚本控制人物爆率(未启用)	0x73d578
0x100b9f9e	tramp2	APPLY	装备提升人物爆率	0x71fd37	0x71fd3d	6	装备提升人物爆率(已重设)	0x71fd37 0x71fd3d
0x100ba0ae	memcpy	REVERT	装备提升人物爆率	0x71fd37	0x71fd3d	6	装备提升人物爆率(待重设)	0x71fd37
0x100bf540	memcpy	APPLY	屏蔽自动绑定	0x74dc57	0x74dc58	1	屏蔽自动绑定(已启动)	0x74dc57
0x100bf56e	memcpy	APPLY	屏蔽自动绑定	0x74dd59	0x74dd5a	1	屏蔽自动绑定(已启动)	0x74dd59
0x100bf59c	memcpy	APPLY	屏蔽自动绑定	0x74ddc3	0x74ddc4	1	屏蔽自动绑定(已启动)	0x74ddc3
0x100bf5ca	memcpy	APPLY	屏蔽自动绑定	0x74ddef	0x74ddf0	1	屏蔽自动绑定(已启动)	0x74ddef
0x100bf644	memcpy	REVERT	屏蔽自动绑定	0x74dc57	0x74dc58	1	屏蔽自动绑定(未启用)	0x74dc57
0x100bf672	memcpy	REVERT	屏蔽自动绑定	0x74dd59	0x74dd5a	1	屏蔽自动绑定(未启用)	0x74dd59
0x100bf6a0	memcpy	REVERT	屏蔽自动绑定	0x74ddc3	0x74ddc4	1	屏蔽自动绑定(未启用)	0x74ddc3
0x100bf6ce	memcpy	REVERT	屏蔽自动绑定	0x74ddef	0x74ddf0	1	屏蔽自动绑定(未启用)	0x74ddef
0x100cf04e	tramp1	APPLY	全屏拾取	0x6b795c	0x6b7968	12	全屏拾取(已启动)	-
0x100cf09d	tramp1	APPLY	全屏拾取	0x6b796b	0x6b7977	12	全屏拾取(已启动)	0x6b796b 0x6b7977
0x100cf0ec	tramp1	APPLY	全屏拾取	0x6b7a25	0x6b7a2b	6	全屏拾取(已启动)	0x6b7a25 0x6b7a2b
0x100cf13b	tramp1	APPLY	全屏拾取	0x6b7a2f	0x6b7a35	6	全屏拾取(已启动)	0x6b7a2f 0x6b7a35
0x100cf23f	memcpy	REVERT	全屏拾取	0x6b795c	0x6b7968	12	全屏拾取(未启动)	0x6b795c
0x100cf280	memcpy	REVERT	全屏拾取	0x6b796b	0x6b7977	12	全屏拾取(未启动)	0x6b796b
0x100cf2c1	memcpy	REVERT	全屏拾取	0x6b7a25	0x6b7a2b	6	全屏拾取(未启动)	0x6b7a25
0x100cf302	memcpy	REVERT	全屏拾取	0x6b7a2f	0x6b7a35	6	全屏拾取(未启动)	0x6b7a2f
0x100cf36e	tramp1	APPLY	刀刀切割	0x767bae	0x767bb4	6	刀刀切割(已启动)	0x767bae 0x767bb4
0x100cf496	memcpy	REVERT	刀刀切割	0x767bae	0x767bb4	6	刀刀切割(未启动)	0x767bae
0x100d120a	tramp1	APPLY	永久属性	0x73d9cf	0x73d9d7	8	永久属性(已启动)	0x73d9cf 0x73d9d7
0x100d125c	tramp1	APPLY	永久属性	0x73d9d7	0x73d9e0	9	永久属性(已启动)	0x73d9d7 0x73d9e0
0x100d12ae	tramp1	APPLY	永久属性	0x73d9e0	0x73d9e9	9	永久属性(已启动)	0x73d9e0 0x73d9e9
0x100d1300	tramp1	APPLY	永久属性	0x73d9e9	0x73d9f2	9	永久属性(已启动)	0x73d9e9 0x73d9f2
0x100d1352	tramp1	APPLY	永久属性	0x73d9f2	0x73d9fb	9	永久属性(已启动)	0x73d9f2 0x73d9fb
0x100d13a4	tramp1	APPLY	永久属性	0x73d9fb	0x73da04	9	永久属性(已启动)	0x73d9fb 0x73da04
0x100d13f6	tramp1	APPLY	永久属性	0x73da04	0x73da0d	9	永久属性(已启动)	0x73da04 0x73da0d
0x100d1448	tramp1	APPLY	永久属性	0x73da16	0x73da1f	9	永久属性(已启动)	0x73da16 0x73da1f
0x100d149a	tramp1	APPLY	永久属性	0x73da1f	0x73da28	9	永久属性(已启动)	0x73da1f 0x73da28
0x100d14ec	tramp1	APPLY	永久属性	0x73da28	0x73da31	9	永久属性(已启动)	0x73da28 0x73da31
0x100d153e	tramp1	APPLY	永久属性	0x73da31	0x73da3a	9	永久属性(已启动)	0x73da31 0x73da3a
0x100d1590	tramp1	APPLY	永久属性	0x73da3a	0x73da43	9	永久属性(已启动)	0x73da3a 0x73da43
0x100d1768	memcpy	REVERT	永久属性	0x73d9cf	0x73d9d7	8	永久属性(未启动)	0x73d9cf
0x100d17a9	memcpy	REVERT	永久属性	0x73d9d7	0x73d9e0	9	永久属性(未启动)	0x73d9d7
0x100d17ea	memcpy	REVERT	永久属性	0x73d9e0	0x73d9e9	9	永久属性(未启动)	0x73d9e0
0x100d182b	memcpy	REVERT	永久属性	0x73d9e9	0x73d9f2	9	永久属性(未启动)	0x73d9e9
0x100d186c	memcpy	REVERT	永久属性	0x73d9f2	0x73d9fb	9	永久属性(未启动)	0x73d9f2
0x100d18ad	memcpy	REVERT	永久属性	0x73d9fb	0x73da04	9	永久属性(未启动)	0x73d9fb
0x100d18ee	memcpy	REVERT	永久属性	0x73da04	0x73da0d	9	永久属性(未启动)	0x73da04
0x100d192f	memcpy	REVERT	永久属性	0x73da16	0x73da1f	9	永久属性(未启动)	0x73da16
0x100d1970	memcpy	REVERT	永久属性	0x73da1f	0x73da28	9	永久属性(未启动)	0x73da1f
0x100d19b1	memcpy	REVERT	永久属性	0x73da28	0x73da31	9	永久属性(未启动)	0x73da28
0x100d19f2	memcpy	REVERT	永久属性	0x73da31	0x73da3a	9	永久属性(未启动)	0x73da31
0x100d1a33	memcpy	REVERT	永久属性	0x73da3a	0x73da43	9	永久属性(未启动)	0x73da3a
0x100d1b56	tramp1	APPLY	特殊属性	0x6e41bd	0x6e41c2	5	特殊属性(已启动)	-
0x100d1ba8	tramp1	APPLY	特殊属性	0x73d951	0x73d958	7	特殊属性(已启动)	0x73d951 0x73d958
0x100d1c6c	memcpy	REVERT	特殊属性	0x6e41bd	0x6e41c2	5	特殊属性(未启动)	0x6e41bd
0x100d1cad	memcpy	REVERT	特殊属性	0x73d951	0x73d958	7	特殊属性(未启动)	0x73d951
0x100d1de6	tramp1	APPLY	复活触发脚本	0x73c484	0x73c48a	6	复活触发脚本(已启动)	-
0x100d1f0d	memcpy	REVERT	复活触发脚本	0x73c484	0x73c48a	6	复活触发脚本(未启动)	0x73c484
0x100d2256	tramp1	APPLY	复活戒指改cd	0x73c4f2	0x73c4f8	6	复活戒指改cd(已启动)	0x73c4f2
0x100d22a5	tramp1	APPLY	复活戒指改cd	0x73c47a	0x73c47f	5	复活戒指改cd(已启动)	0x73c47a 0x73c47f
0x100d22f4	tramp1	APPLY	复活戒指改cd	0x743751	0x743756	5	复活戒指改cd(已启动)	0x743751 0x743756
0x100d23bf	memcpy	REVERT	复活戒指改cd	0x73c4f2	0x73c4f8	6	复活戒指改cd(未启动)	0x73c4f2
0x100d23fd	memcpy	REVERT	复活戒指改cd	0x73c47a	0x73c47f	5	复活戒指改cd(未启动)	0x73c47a
0x100d243b	memcpy	REVERT	复活戒指改cd	0x743751	0x743756	5	复活戒指改cd(未启动)	0x743751
0x100d25d0	tramp1	APPLY	复活戒指概率	0x74373a	0x743741	7	复活戒指概率(已启动)	-
0x100d2684	memcpy	REVERT	复活戒指概率	0x74373a	0x743741	7	复活戒指概率(未启动)	0x74373a
0x100d26fd	tramp1	APPLY	被击杀触发	0x766624	0x766629	5	被击杀触发(已启动)	0x766624 0x766629
0x100d282c	memcpy	REVERT	被击杀触发	0x766624	0x766629	5	被击杀触发(未启动)	0x766624
0x100d2938	tramp1	APPLY	移动速度	0x73d983	0x73d98a	7	移动速度(已启动)	0x73d983
0x100d29f9	memcpy	REVERT	移动速度	0x73d983	0x73d98a	7	移动速度(未启动)	0x73d983
0x100d2a71	tramp1	APPLY	攻击反伤	0x767bb4	0x767bb9	5	攻击反伤(已启动)	0x767bb4 0x767bb9
0x100d2b26	memcpy	REVERT	攻击反伤	0x767bb4	0x767bb9	5	攻击反伤(未启动)	0x767bb4
0x100d2ba2	tramp1	APPLY	捡物触发	0x6b770c	0x6b7711	5	捡物触发(已启动)	0x6b770c 0x6b7711
0x100d2cd4	memcpy	REVERT	捡物触发	0x6b770c	0x6b7711	5	捡物触发(未启动)	0x6b770c
0x100d2d50	tramp1	APPLY	攻击触发	0x76e35d	0x76e362	5	攻击触发(已启动)	0x76e35d 0x76e362
0x100d2e7f	memcpy	REVERT	攻击触发	0x76e35d	0x76e362	5	攻击触发(未启动)	0x76e35d
0x100d2f0b	tramp1	APPLY	魔法攻击触发	0x76de84	0x76de8a	6	魔法攻击触发(已启动)	0x76de84 0x76de8a
0x100d305f	memcpy	REVERT	魔法攻击触发	0x76de84	0x76de8a	6	魔法攻击触发(未启动)	0x76de84
0x100d3509	tramp1	APPLY	新穿戴触发	0x75f085	0x75f08c	7	新穿戴触发(已启动)	-
0x100d355b	tramp1	APPLY	新穿戴触发	0x75ea37	0x75ea3c	5	新穿戴触发(已启动)	0x75ea37 0x75ea3c
0x100d371c	memcpy	REVERT	新穿戴触发	0x75f085	0x75f08c	7	新穿戴触发(未启动)	0x75f085
0x100d375a	memcpy	REVERT	新穿戴触发	0x75ea37	0x75ea3c	5	新穿戴触发(未启动)	0x75ea37
0x100d383b	tramp1	APPLY	禁止装备自动绑定	0x784351	0x784358	7	禁止装备自动绑定(已启动)	0x784351 0x784358
0x100d390a	memcpy	REVERT	禁止装备自动绑定	0x784351	0x784358	7	禁止装备自动绑定(未启动)	0x784351
0x100d3979	tramp1	APPLY	AddLimLF函数修改	0x6de8e3	0x6de8eb	8	AddLimLF函数修改(已启动)	0x6de8e3 0x6de8eb
0x100d3a30	memcpy	REVERT	AddLimLF函数修改	0x6de8e3	0x6de8eb	8	AddLimLF函数修改(未启动)	0x6de8e3
0x100d3a9f	tramp1	APPLY	IncActivePoint函数修改	0x6f91ba	0x6f91c0	6	IncActivePoint函数修改(已启动)	0x6f91ba 0x6f91c0
0x100d3b55	memcpy	REVERT	IncActivePoint函数修改	0x6f91ba	0x6f91c0	6	IncActivePoint函数修改(未启动)	0x6f91ba
0x100d3bc4	tramp1	APPLY	新倍攻和暴击	0x76c88b	0x76c890	5	新倍攻和暴击(已启动)	0x76c88b 0x76c890
0x100d3cec	memcpy	REVERT	新倍攻和暴击	0x76c88b	0x76c890	5	新倍攻和暴击(未启动)	0x76c88b
0x100d3d5b	tramp1	APPLY	give极品	0x6c89ae	0x6c89b6	8	give极品(已启动)	0x6c89ae 0x6c89b6
0x100d3e12	memcpy	REVERT	give极品	0x6c89ae	0x6c89b6	8	give极品(未启动)	0x6c89ae
0x100d3e8a	tramp1	APPLY	麻痹概率	0x76e2d2	0x76e2d7	5	麻痹概率(已启动)	0x76e2d2 0x76e2d7
0x100d3f3f	memcpy	REVERT	麻痹概率	0x76e2d2	0x76e2d7	5	麻痹概率(未启动)	0x76e2d2
0x100d4417	tramp1	APPLY	英雄穿戴触发	0x75f08c	0x75f093	7	英雄穿戴触发(已启动)	0x75f08c 0x75f093
0x100d4469	tramp1	APPLY	英雄穿戴触发	0x75ea31	0x75ea37	6	英雄穿戴触发(已启动)	0x75ea31 0x75ea37
0x100d4633	memcpy	REVERT	英雄穿戴触发	0x75f08c	0x75f093	7	英雄穿戴触发(未启动)	0x75f08c
0x100d4674	memcpy	REVERT	英雄穿戴触发	0x75ea31	0x75ea37	6	英雄穿戴触发(未启动)	0x75ea31
0x100d46e3	tramp1	APPLY	英雄攻速移速	0x73da43	0x73da4c	9	英雄攻速移速(已启动)	0x73da43 0x73da4c
0x100d47a5	memcpy	REVERT	英雄攻速移速	0x73da43	0x73da4c	9	英雄攻速移速(未启动)	0x73da43
0x100d4814	tramp1	APPLY	BB杀怪触发	0x71f467	0x71f46c	5	BB杀怪触发(已启动)	0x71f467 0x71f46c
0x100d4945	memcpy	REVERT	BB杀怪触发	0x71f467	0x71f46c	5	BB杀怪触发(未启动)	0x71f467
0x100d49b4	tramp1	APPLY	英雄倍攻和暴击	0x76c816	0x76c81d	7	英雄倍攻和暴击(已启动)	0x76c816 0x76c81d
0x100d4af9	memcpy	REVERT	英雄倍攻和暴击	0x76c816	0x76c81d	7	英雄倍攻和暴击(未启动)	0x76c816
0x100d4b75	tramp1	APPLY	BB死亡触发	0x76631c	0x766321	5	BB死亡触发(已启动)	0x76631c 0x766321
0x100d4cb7	memcpy	REVERT	BB死亡触发	0x76631c	0x766321	5	BB死亡触发(未启动)	0x76631c
0x100d4f10	tramp1	APPLY	特殊宝宝	0x7671a2	0x7671a8	6	特殊宝宝(已启动)	-
0x100d4f62	tramp1	APPLY	特殊宝宝	0x76de42	0x76de4c	10	特殊宝宝(已启动)	0x76de42 0x76de4c
0x100d503d	memcpy	REVERT	特殊宝宝	0x7671a2	0x7671a8	6	特殊宝宝(未启动)	0x7671a2
0x100d507e	memcpy	REVERT	特殊宝宝	0x76de42	0x76de4c	10	特殊宝宝(未启动)	0x76de42
0x100d50ed	tramp1	APPLY	英雄施法速度	0x68dd60	0x68dd65	5	英雄施法速度(已启动)	0x68dd60 0x68dd65
0x100d51a1	memcpy	REVERT	英雄施法速度	0x68dd60	0x68dd65	5	英雄施法速度(未启动)	0x68dd60
0x100d533d	tramp1	APPLY	读取英雄装备	0x6e04e7	0x6e04ec	5	读取英雄装备(已启动)	-
0x100d53e8	memcpy	REVERT	读取英雄装备	0x6e04e7	0x6e04ec	5	读取英雄装备(未启动)	0x6e04e7
0x100d569e	tramp1	APPLY	装备来源	0x71fe90	0x71fe95	5	装备来源(已启动)	0x71fe90 0x71fe95
0x100d56f0	tramp1	APPLY	装备来源	0x6c8aaa	0x6c8aaf	5	装备来源(已启动)	0x6c8aaa 0x6c8aaf
0x100d57bc	memcpy	REVERT	装备来源	0x71fe90	0x71fe95	5	装备来源(未启动)	0x71fe90
0x100d57fa	memcpy	REVERT	装备来源	0x6c8aaa	0x6c8aaf	5	装备来源(未启动)	0x6c8aaa
0x100d5968	tramp1	APPLY	上线触发	0x6548bd	0x6548c2	5	上线触发(已启动)	-
0x100d5a94	memcpy	REVERT	上线触发	0x6548bd	0x6548c2	5	上线触发(未启动)	0x6548bd
0x100d5c12	tramp1	APPLY	永久攻速	0x73d9a0	0x73d9ab	11	永久攻速(已启动)	-
0x100d5cdd	memcpy	REVERT	永久攻速	0x73d9a0	0x73d9ab	11	永久攻速(未启动)	0x73d9a0
0x100d8a3d	tramp1	APPLY	地狱雷光系数	0x76f61a	0x76f61f	5	地狱雷光系数(已启动)	-
0x100d8ae8	memcpy	REVERT	地狱雷光系数	0x76f61a	0x76f61f	5	地狱雷光系数(未启动)	0x76f61a
0x100d8cde	tramp1	APPLY	地狱雷光范围	0x76f63d	0x76f646	9	地狱雷光范围(已启动)	-
0x100d8da0	memcpy	REVERT	地狱雷光范围	0x76f63d	0x76f646	9	地狱雷光范围(未启动)	0x76f63d
0x100d8e0f	tramp1	APPLY	爆裂火焰可换主属性	0x76f23b	0x76f249	14	爆裂火焰可换主属性(已启动)	0x76f23b 0x76f249
0x100d8ee7	memcpy	REVERT	爆裂火焰可换主属性	0x76f23b	0x76f249	14	爆裂火焰可换主属性(未启动)	0x76f23b
0x100d8f56	tramp1	APPLY	爆裂火焰范围及系数	0x76f26b	0x76f272	7	爆裂火焰范围及系数(已启动)	0x76f26b 0x76f272
0x100d901d	memcpy	REVERT	爆裂火焰范围及系数	0x76f26b	0x76f272	7	爆裂火焰范围及系数(未启动)	0x76f26b
0x100d908c	tramp1	APPLY	地狱雷光可换主属性	0x76f5fb	0x76f609	14	地狱雷光可换主属性(已启动)	0x76f5fb 0x76f609
0x100d9164	memcpy	REVERT	地狱雷光可换主属性	0x76f5fb	0x76f609	14	地狱雷光可换主属性(未启动)	0x76f5fb
0x100d91d3	tramp1	APPLY	激光电影可换主属性	0x76e9b5	0x76e9c3	14	激光电影可换主属性(已启动)	0x76e9b5 0x76e9c3
0x100d92ab	memcpy	REVERT	激光电影可换主属性	0x76e9b5	0x76e9c3	14	激光电影可换主属性(未启动)	0x76e9b5
0x100d931a	tramp1	APPLY	激光范围及系数	0x76ea07	0x76ea0d	6	激光范围及系数(已启动)	0x76ea07 0x76ea0d
0x100d93d6	memcpy	REVERT	激光范围及系数	0x76ea07	0x76ea0d	6	激光范围及系数(未启动)	0x76ea07
0x100d95ba	tramp1	APPLY	激光命中概率	0x76ea14	0x76ea19	5	激光命中概率(已启动)	-
0x100d9665	memcpy	REVERT	激光命中概率	0x76ea14	0x76ea19	5	激光命中概率(未启动)	0x76ea14
0x100d96d4	tramp1	APPLY	火球主属性切换	0x76e3e6	0x76e3f4	14	火球主属性切换(已启动)	0x76e3e6 0x76e3f4
0x100d97ac	memcpy	REVERT	火球主属性切换	0x76e3e6	0x76e3f4	14	火球主属性切换(未启动)	0x76e3e6
0x100d9974	tramp1	APPLY	火球自定义范围	0x76e425	0x76e42e	9	火球自定义范围(已启动)	-
0x100d9a36	memcpy	REVERT	火球自定义范围	0x76e425	0x76e42e	9	火球自定义范围(未启动)	0x76e425
0x100d9aa5	tramp1	APPLY	雷电主属性切换	0x76ea8a	0x76ea98	14	雷电主属性切换(已启动)	0x76ea8a 0x76ea98
0x100d9b7d	memcpy	REVERT	雷电主属性切换	0x76ea8a	0x76ea98	14	雷电主属性切换(未启动)	0x76ea8a
0x100d9d45	tramp1	APPLY	雷电自定义范围	0x76eb06	0x76eb0f	9	雷电自定义范围(已启动)	-
0x100d9e07	memcpy	REVERT	雷电自定义范围	0x76eb06	0x76eb0f	9	雷电自定义范围(未启动)	0x76eb06
0x100d9e76	tramp1	APPLY	冰咆哮主属性切换	0x76f2cb	0x76f2d9	14	冰咆哮主属性切换(已启动)	0x76f2cb 0x76f2d9
0x100d9f4e	memcpy	REVERT	冰咆哮主属性切换	0x76f2cb	0x76f2d9	14	冰咆哮主属性切换(未启动)	0x76f2cb
0x100d9fbd	tramp1	APPLY	冰咆哮主属性切换	0x76f2cb	0x76f2d9	14	冰咆哮主属性切换(已启动)	0x76f2cb 0x76f2d9
0x100da095	memcpy	REVERT	冰咆哮主属性切换	0x76f2cb	0x76f2d9	14	冰咆哮主属性切换(未启动)	0x76f2cb
0x100da231	tramp1	APPLY	冰咆哮范围	0x76f300	0x76f309	9	冰咆哮范围(已启动)	-
0x100da2f3	memcpy	REVERT	冰咆哮范围	0x76f300	0x76f309	9	冰咆哮范围(未启动)	0x76f300
0x100da362	tramp1	APPLY	火雨主属切换	0x76f365	0x76f373	14	火雨主属切换(已启动)	0x76f365 0x76f373
0x100da43a	memcpy	REVERT	火雨主属切换	0x76f365	0x76f373	14	火雨主属切换(未启动)	0x76f365
0x100da50d	tramp1	APPLY	嗜血术倍数	0x76fc2b	0x76fc31	6	嗜血术倍数(已启动)	0x76fc2b 0x76fc31
0x100da5c9	memcpy	REVERT	嗜血术倍数	0x76fc2b	0x76fc31	6	嗜血术倍数(未启动)	0x76fc2b
0x100da719	memcpy	APPLY	免毒符	0x6ed945	0x6ed949	4	免毒符(已启动)	0x6ed945
0x100da756	memcpy	APPLY	免毒符	0x6ed9d1	0x6ed9d7	6	免毒符(已启动)	0x6ed9d1
0x100da793	memcpy	APPLY	免毒符	0x6ed9eb	0x6ed9f5	10	免毒符(已启动)	0x6ed9eb
0x100da7d0	memcpy	APPLY	免毒符	0x6eda85	0x6eda87	2	免毒符(已启动)	0x6eda85
0x100da80d	memcpy	APPLY	免毒符	0x6edab1	0x6edab3	2	免毒符(已启动)	0x6edab1
0x100da84a	memcpy	APPLY	免毒符	0x6edadf	0x6edae1	2	免毒符(已启动)	0x6edadf
0x100da884	memcpy	APPLY	免毒符	0x6edb11	0x6edb17	6	免毒符(已启动)	0x6edb11
0x100da8c1	memcpy	APPLY	免毒符	0x6edb3e	0x6edb40	2	免毒符(已启动)	0x6edb3e
0x100da8fe	memcpy	APPLY	免毒符	0x6edb65	0x6edb67	2	免毒符(已启动)	0x6edb65
0x100da93b	memcpy	APPLY	免毒符	0x6edb8c	0x6edb8e	2	免毒符(已启动)	0x6edb8c
0x100da975	memcpy	APPLY	免毒符	0x6edc58	0x6edc5a	2	免毒符(已启动)	0x6edc58
0x100da9af	memcpy	APPLY	免毒符	0x6ede1d	0x6ede1f	2	免毒符(已启动)	0x6ede1d
0x100dab1e	memcpy	REVERT	免毒符	0x6ed945	0x6ed949	4	免毒符(未启动)	0x6ed945
0x100dab55	memcpy	REVERT	免毒符	0x6ed9d1	0x6ed9d7	6	免毒符(未启动)	0x6ed9d1
0x100dab92	memcpy	REVERT	免毒符	0x6ed9eb	0x6ed9f5	10	免毒符(未启动)	0x6ed9eb
0x100dabcc	memcpy	REVERT	免毒符	0x6eda85	0x6eda87	2	免毒符(未启动)	0x6eda85
0x100dac06	memcpy	REVERT	免毒符	0x6edab1	0x6edab3	2	免毒符(未启动)	0x6edab1
0x100dac40	memcpy	REVERT	免毒符	0x6edadf	0x6edae1	2	免毒符(未启动)	0x6edadf
0x100dac77	memcpy	REVERT	免毒符	0x6edb11	0x6edb17	6	免毒符(未启动)	0x6edb11
0x100dacb1	memcpy	REVERT	免毒符	0x6edb3e	0x6edb40	2	免毒符(未启动)	0x6edb3e
0x100daceb	memcpy	REVERT	免毒符	0x6edb65	0x6edb67	2	免毒符(未启动)	0x6edb65
0x100dad28	memcpy	REVERT	免毒符	0x6edb8c	0x6edb8e	2	免毒符(未启动)	0x6edb8c
0x100dad62	memcpy	REVERT	免毒符	0x6edc58	0x6edc5a	2	免毒符(未启动)	0x6edc58
0x100dad9f	memcpy	REVERT	免毒符	0x6ede1d	0x6ede1f	2	免毒符(未启动)	0x6ede1d
0x100db11c	tramp1	APPLY	野蛮等级	0x768f67	0x768f6e	7	野蛮等级(已启动)	-
0x100db1d7	memcpy	REVERT	野蛮等级	0x768f67	0x768f6e	7	野蛮等级(未启动)	0x768f67
0x100db2db	tramp1	APPLY	中毒飘血	0x767e10	0x767e16	6	中毒飘血(已启动)	0x767e10
0x100db388	memcpy	REVERT	中毒飘血	0x767e10	0x767e16	6	中毒飘血(未启动)	0x767e10
0x100db451	memcpy	APPLY	删除技能不提示	0x6c7797	0x6c779c	5	删除技能不提示(已启动)	0x6c7797
0x100db542	memcpy	REVERT	删除技能不提示	0x6c7797	0x6c779c	5	删除技能不提示(未启动)	0x6c7797
0x100db61c	memcpy	APPLY	升级技能不提示	0x73f5ee	0x73f5f4	6	升级技能不提示(已启动)	0x73f5ee
0x100db70f	memcpy	REVERT	升级技能不提示	0x73f5ee	0x73f5f4	6	升级技能不提示(未启动)	0x73f5ee
0x100db803	memcpy	APPLY	禁止发言不提示	0x6bb5cd	0x6bb5d3	6	禁止发言不提示(已启动)	0x6bb5cd
0x100db83a	memcpy	APPLY	禁止发言不提示	0x6bb625	0x6bb62b	6	禁止发言不提示(已启动)	0x6bb625
0x100db874	memcpy	APPLY	禁止发言不提示	0x6c94a9	0x6c94af	6	禁止发言不提示(已启动)	0x6c94a9
0x100db981	memcpy	REVERT	禁止发言不提示	0x6bb5cd	0x6bb5d3	6	禁止发言不提示(未启动)	0x6bb5cd
0x100db9b8	memcpy	REVERT	禁止发言不提示	0x6bb625	0x6bb62b	6	禁止发言不提示(未启动)	0x6bb625
0x100db9f2	memcpy	REVERT	禁止发言不提示	0x6c94a9	0x6c94af	6	禁止发言不提示(未启动)	0x6c94a9
