site_va	kind	status	label	legacy_label	target_va	legacy_target_va	span_end
0x100a981e	memcpy	SAME	土城摆摊	土城摆摊	0x6e7930	0x6e7930	0x6e7938
0x100a9858	memcpy	SAME	土城摆摊	土城摆摊	0x6e7c1c	0x6e7c1c	0x6e7c26
0x100a9895	memcpy	SAME	土城摆摊	土城摆摊	0x6e7c5f	0x6e7c5f	0x6e7c61
0x100a994b	memcpy	SAME	土城摆摊	土城摆摊	0x6e7930	0x6e7930	0x6e7938
0x100a9985	memcpy	SAME	土城摆摊	土城摆摊	0x6e7c1c	0x6e7c1c	0x6e7c26
0x100a99c2	memcpy	SAME	土城摆摊	土城摆摊	0x6e7c5f	0x6e7c5f	0x6e7c61
0x100a9a3a	memcpy	SAME	摆摊穿人	摆摊穿人	0x77931d	0x77931d	0x779320
0x100a9ac7	memcpy	SAME	摆摊穿人	摆摊穿人	0x77931d	0x77931d	0x779320
0x100a9bc2	memcpy	SAME	随身仓库	随身仓库	0x6e087c	0x6e087c	0x6e08a9
0x100a9bf9	memcpy	SAME	随身仓库	随身仓库	0x6c2ab9	0x6c2ab9	0x6c2abf
0x100a9c33	memcpy	SAME	随身仓库	随身仓库	0x6c2dc9	0x6c2dc9	0x6c2dcf
0x100a9d2c	memcpy	SAME	随身仓库	随身仓库	0x6e087c	0x6e087c	0x6e08a9
0x100a9d63	memcpy	SAME	随身仓库	随身仓库	0x6c2ab9	0x6c2ab9	0x6c2abf
0x100a9d9d	memcpy	SAME	随身仓库	随身仓库	0x6c2dc9	0x6c2dc9	0x6c2dcf
0x100a9e9b	memcpy	SAME	召唤神兽	召唤神兽	0x76ee99	0x76ee99	0x76ee9a
0x100a9ed5	memcpy	SAME	召唤神兽	召唤神兽	0x76eeec	0x76eeec	0x76eef0
0x100a9f6b	memcpy	SAME	召唤神兽	召唤神兽	0x76ee99	0x76ee99	0x76ee9a
0x100a9fa5	memcpy	SAME	召唤神兽	召唤神兽	0x76eeec	0x76eeec	0x76eef0
0x100aa04b	memcpy	SAME	召唤骷髅	召唤骷髅	0x76ee1f	0x76ee1f	0x76ee20
0x100aa0ea	memcpy	SAME	召唤骷髅	召唤骷髅	0x76ee1f	0x76ee1f	0x76ee20
0x100aa19a	memcpy	SAME	攻沙脚本控制	攻沙脚本控制	0x65c6b6	0x65c6b6	0x65c6bc
0x100aa1d4	memcpy	SAME	攻沙脚本控制	攻沙脚本控制	0x65c76d	0x65c76d	0x65c76f
0x100aa211	memcpy	SAME	攻沙脚本控制	攻沙脚本控制	0x65c785	0x65c785	0x65c787
0x100aa26b	memcpy	SAME	攻沙脚本控制	攻沙脚本控制	0x65c6b6	0x65c6b6	0x65c6bc
0x100aa2a5	memcpy	SAME	攻沙脚本控制	攻沙脚本控制	0x65c76d	0x65c76d	0x65c76f
0x100aa2e2	memcpy	SAME	攻沙脚本控制	攻沙脚本控制	0x65c785	0x65c785	0x65c787
0x100aa479	tramp2	NEW	安全区禁止丢物		0x73cc98	-	0x73cc9e
0x100aa52d	memcpy	SAME	安全区禁止丢物	安全区禁止丢物	0x73cc98	0x73cc98	0x73cc9e
0x100aa60e	tramp2	NEW	邮件防刷		0x6e7810	-	0x6e7815
0x100aa6c0	memcpy	SAME	邮件防刷	邮件防刷	0x6e7810	0x6e7810	0x6e7815
0x100aa765	tramp2	NEW	防0拆分		0x6e0ff3	-	0x6e0ff9
0x100aa819	memcpy	SAME	防0拆分	防0拆分	0x6e0ff3	0x6e0ff3	0x6e0ff9
0x100aa8b2	memcpy	SAME	穿人穿怪	穿人穿怪	0x6b30a3	0x6b30a3	0x6b30ad
0x100aa8ec	memcpy	SAME	穿人穿怪	穿人穿怪	0x768454	0x768454	0x768457
0x100aa99e	memcpy	SAME	穿人穿怪	穿人穿怪	0x6b30a3	0x6b30a3	0x6b30ad
0x100aa9d8	memcpy	SAME	穿人穿怪	穿人穿怪	0x768454	0x768454	0x768457
0x100aaa69	tramp2	NEW	禁止交易地图		0x6c3f00	-	0x6c3f05
0x100aab1b	memcpy	SAME	禁止交易地图	禁止交易地图	0x6c3f00	0x6c3f00	0x6c3f05
0x100aabb6	tramp2	NEW	禁止宝宝休息		0x623a73	-	0x623a7a
0x100aac71	memcpy	SAME	禁止宝宝休息	禁止宝宝休息	0x623a73	0x623a73	0x623a7a
0x100aacef	memcpy	SAME	行会显示	行会显示	0x6c5bcb	0x6c5bcb	0x6c5bcd
0x100aad29	memcpy	SAME	行会显示	行会显示	0x6c5bf7	0x6c5bf7	0x6c5bf9
0x100aadc0	memcpy	SAME	行会显示	行会显示	0x6c5bcb	0x6c5bcb	0x6c5bcd
0x100aadfa	memcpy	SAME	行会显示	行会显示	0x6c5bf7	0x6c5bf7	0x6c5bf9
0x100aaebd	memcpy	SAME	修复卡防御	修复卡防御	0x767910	0x767910	0x767911
0x100aaf41	memcpy	SAME	修复卡防御	修复卡防御	0x767910	0x767910	0x767911
0x100ab009	memcpy	SAME	地面物品消失时间	地面物品消失时间	0x77a3ff	0x77a3ff	0x77a403
0x100ab090	memcpy	SAME	地面物品消失时间	地面物品消失时间	0x77a3ff	0x77a3ff	0x77a403
0x100ab10b	memcpy	SAME	下线宝宝死亡	下线宝宝死亡	0x6b5ba1	0x6b5ba1	0x6b5ba7
0x100ab19b	memcpy	SAME	下线宝宝死亡	下线宝宝死亡	0x6b5ba1	0x6b5ba1	0x6b5ba7
0x100ab4ac	memcpy	SAME	屏蔽属性提升提示	屏蔽属性提升提示	0x741a21	0x741a21	0x741a26
0x100ab4e6	memcpy	SAME	屏蔽属性提升提示	屏蔽属性提升提示	0x741a5c	0x741a5c	0x741a61
0x100ab523	memcpy	SAME	屏蔽属性提升提示	屏蔽属性提升提示	0x741a97	0x741a97	0x741a9c
0x100ab560	memcpy	SAME	屏蔽属性提升提示	屏蔽属性提升提示	0x741ad2	0x741ad2	0x741ad7
0x100ab59d	memcpy	SAME	屏蔽属性提升提示	屏蔽属性提升提示	0x741b0d	0x741b0d	0x741b12
0x100ab5da	memcpy	SAME	屏蔽属性提升提示	屏蔽属性提升提示	0x741b48	0x741b48	0x741b4d
0x100ab617	memcpy	SAME	屏蔽属性提升提示	屏蔽属性提升提示	0x741b83	0x741b83	0x741b88
0x100ab654	memcpy	SAME	屏蔽属性提升提示	屏蔽属性提升提示	0x741bbe	0x741bbe	0x741bc3
0x100ab691	memcpy	SAME	屏蔽属性提升提示	屏蔽属性提升提示	0x741bf9	0x741bf9	0x741bfe
0x100ab6ce	memcpy	SAME	屏蔽属性提升提示	屏蔽属性提升提示	0x741c34	0x741c34	0x741c39
0x100ab70b	memcpy	SAME	屏蔽属性提升提示	屏蔽属性提升提示	0x741c6f	0x741c6f	0x741c74
0x100ab748	memcpy	SAME	屏蔽属性提升提示	屏蔽属性提升提示	0x741caa	0x741caa	0x741caf
0x100ab785	memcpy	SAME	屏蔽属性提升提示	屏蔽属性提升提示	0x741ce5	0x741ce5	0x741cea
0x100ab7c2	memcpy	SAME	屏蔽属性提升提示	屏蔽属性提升提示	0x741d20	0x741d20	0x741d25
0x100ab7ff	memcpy	SAME	屏蔽属性提升提示	屏蔽属性提升提示	0x741d5b	0x741d5b	0x741d60
0x100ab83c	memcpy	SAME	屏蔽属性提升提示	屏蔽属性提升提示	0x741dfd	0x741dfd	0x741e02
0x100ab879	memcpy	SAME	屏蔽属性提升提示	屏蔽属性提升提示	0x74281d	0x74281d	0x742826
0x100ab8b6	memcpy	SAME	屏蔽属性提升提示	屏蔽属性提升提示	0x742835	0x742835	0x74283e
0x100ab8f3	memcpy	SAME	屏蔽属性提升提示	屏蔽属性提升提示	0x74284d	0x74284d	0x742856
0x100ab930	memcpy	SAME	屏蔽属性提升提示	屏蔽属性提升提示	0x742865	0x742865	0x74286e
0x100ab96d	memcpy	SAME	屏蔽属性提升提示	屏蔽属性提升提示	0x74287d	0x74287d	0x742886
0x100ab9aa	memcpy	SAME	屏蔽属性提升提示	屏蔽属性提升提示	0x742895	0x742895	0x74289e
0x100ab9e7	memcpy	SAME	屏蔽属性提升提示	屏蔽属性提升提示	0x7428ad	0x7428ad	0x7428b6
0x100aba24	memcpy	SAME	屏蔽属性提升提示	屏蔽属性提升提示	0x7428c5	0x7428c5	0x7428ce
0x100aba61	memcpy	SAME	屏蔽属性提升提示	屏蔽属性提升提示	0x7428dd	0x7428dd	0x7428e6
0x100aba9e	memcpy	SAME	屏蔽属性提升提示	屏蔽属性提升提示	0x74290d	0x74290d	0x742916
0x100abadb	memcpy	SAME	屏蔽属性提升提示	屏蔽属性提升提示	0x742925	0x742925	0x74292e
0x100abb15	memcpy	SAME	屏蔽属性提升提示	屏蔽属性提升提示	0x74293d	0x74293d	0x742946
0x100abb4f	memcpy	SAME	屏蔽属性提升提示	屏蔽属性提升提示	0x742955	0x742955	0x74295e
0x100abb89	memcpy	SAME	屏蔽属性提升提示	屏蔽属性提升提示	0x74296d	0x74296d	0x742976
0x100abbc6	memcpy	SAME	屏蔽属性提升提示	屏蔽属性提升提示	0x74298c	0x74298c	0x742995
0x100abed8	memcpy	SAME	屏蔽属性提升提示	屏蔽属性提升提示	0x741a21	0x741a21	0x741a26
0x100abf12	memcpy	SAME	屏蔽属性提升提示	屏蔽属性提升提示	0x741a5c	0x741a5c	0x741a61
0x100abf4c	memcpy	SAME	屏蔽属性提升提示	屏蔽属性提升提示	0x741a97	0x741a97	0x741a9c
0x100abf86	memcpy	SAME	屏蔽属性提升提示	屏蔽属性提升提示	0x741ad2	0x741ad2	0x741ad7
0x100abfc3	memcpy	SAME	屏蔽属性提升提示	屏蔽属性提升提示	0x741b0d	0x741b0d	0x741b12
0x100ac000	memcpy	SAME	屏蔽属性提升提示	屏蔽属性提升提示	0x741b48	0x741b48	0x741b4d
0x100ac03d	memcpy	SAME	屏蔽属性提升提示	屏蔽属性提升提示	0x741b83	0x741b83	0x741b88
0x100ac07a	memcpy	SAME	屏蔽属性提升提示	屏蔽属性提升提示	0x741bbe	0x741bbe	0x741bc3
0x100ac0b7	memcpy	SAME	屏蔽属性提升提示	屏蔽属性提升提示	0x741bf9	0x741bf9	0x741bfe
0x100ac0f4	memcpy	SAME	屏蔽属性提升提示	屏蔽属性提升提示	0x741c34	0x741c34	0x741c39
0x100ac131	memcpy	SAME	屏蔽属性提升提示	屏蔽属性提升提示	0x741c6f	0x741c6f	0x741c74
0x100ac16b	memcpy	SAME	屏蔽属性提升提示	屏蔽属性提升提示	0x741caa	0x741caa	0x741caf
0x100ac1a5	memcpy	SAME	屏蔽属性提升提示	屏蔽属性提升提示	0x741ce5	0x741ce5	0x741cea
0x100ac1df	memcpy	SAME	屏蔽属性提升提示	屏蔽属性提升提示	0x741d20	0x741d20	0x741d25
0x100ac219	memcpy	SAME	屏蔽属性提升提示	屏蔽属性提升提示	0x741d5b	0x741d5b	0x741d60
0x100ac253	memcpy	SAME	屏蔽属性提升提示	屏蔽属性提升提示	0x741dfd	0x741dfd	0x741e02
0x100ac290	memcpy	SAME	屏蔽属性提升提示	屏蔽属性提升提示	0x74281d	0x74281d	0x742826
0x100ac2cd	memcpy	SAME	屏蔽属性提升提示	屏蔽属性提升提示	0x742835	0x742835	0x74283e
0x100ac30a	memcpy	SAME	屏蔽属性提升提示	屏蔽属性提升提示	0x74284d	0x74284d	0x742856
0x100ac347	memcpy	SAME	屏蔽属性提升提示	屏蔽属性提升提示	0x742865	0x742865	0x74286e
0x100ac384	memcpy	SAME	屏蔽属性提升提示	屏蔽属性提升提示	0x74287d	0x74287d	0x742886
0x100ac3c1	memcpy	SAME	屏蔽属性提升提示	屏蔽属性提升提示	0x742895	0x742895	0x74289e
0x100ac3fe	memcpy	SAME	屏蔽属性提升提示	屏蔽属性提升提示	0x7428ad	0x7428ad	0x7428b6
0x100ac43b	memcpy	SAME	屏蔽属性提升提示	屏蔽属性提升提示	0x7428c5	0x7428c5	0x7428ce
0x100ac478	memcpy	SAME	屏蔽属性提升提示	屏蔽属性提升提示	0x7428dd	0x7428dd	0x7428e6
0x100ac4b5	memcpy	SAME	屏蔽属性提升提示	屏蔽属性提升提示	0x74290d	0x74290d	0x742916
0x100ac4f2	memcpy	SAME	屏蔽属性提升提示	屏蔽属性提升提示	0x742925	0x742925	0x74292e
0x100ac52f	memcpy	SAME	屏蔽属性提升提示	屏蔽属性提升提示	0x74293d	0x74293d	0x742946
0x100ac56c	memcpy	SAME	屏蔽属性提升提示	屏蔽属性提升提示	0x742955	0x742955	0x74295e
0x100ac5a9	memcpy	SAME	屏蔽属性提升提示	屏蔽属性提升提示	0x74296d	0x74296d	0x742976
0x100ac5e6	memcpy	SAME	屏蔽属性提升提示	屏蔽属性提升提示	0x74298c	0x74298c	0x742995
0x100ac678	memcpy	SAME	屏蔽发言频繁禁言功能	屏蔽发言频繁禁言功能	0x6bb56a	0x6bb56a	0x6bb570
0x100ac6b2	memcpy	SAME	屏蔽发言频繁禁言功能	屏蔽发言频繁禁言功能	0x6bb579	0x6bb579	0x6bb57f
0x100ac75d	memcpy	SAME	屏蔽发言频繁禁言功能	屏蔽发言频繁禁言功能	0x6bb56a	0x6bb56a	0x6bb570
0x100ac797	memcpy	SAME	屏蔽发言频繁禁言功能	屏蔽发言频繁禁言功能	0x6bb579	0x6bb579	0x6bb57f
0x100ac889	memcpy	SAME	屏蔽元宝增减信息	屏蔽元宝增减信息	0x6f9002	0x6f9002	0x6f9004
0x100ac8c3	memcpy	SAME	屏蔽元宝增减信息	屏蔽元宝增减信息	0x6f9047	0x6f9047	0x6f9049
0x100ac8fd	memcpy	SAME	屏蔽元宝增减信息	屏蔽元宝增减信息	0x6f8bcf	0x6f8bcf	0x6f8bd6
0x100ac937	memcpy	SAME	屏蔽元宝增减信息	屏蔽元宝增减信息	0x6f8c02	0x6f8c02	0x6f8c09
0x100ac974	memcpy	SAME	屏蔽元宝增减信息	屏蔽元宝增减信息	0x6f8b25	0x6f8b25	0x6f8b28
0x100ac9b1	memcpy	SAME	屏蔽元宝增减信息	屏蔽元宝增减信息	0x6f8b62	0x6f8b62	0x6f8b65
0x100ac9ee	memcpy	SAME	屏蔽元宝增减信息	屏蔽元宝增减信息	0x6f8288	0x6f8288	0x6f828b
0x100aca2b	memcpy	SAME	屏蔽元宝增减信息	屏蔽元宝增减信息	0x6f82c5	0x6f82c5	0x6f82c8
0x100acb2d	memcpy	SAME	屏蔽元宝增减信息	屏蔽元宝增减信息	0x6f9002	0x6f9002	0x6f9004
0x100acb67	memcpy	SAME	屏蔽元宝增减信息	屏蔽元宝增减信息	0x6f9047	0x6f9047	0x6f9049
0x100acba1	memcpy	SAME	屏蔽元宝增减信息	屏蔽元宝增减信息	0x6f8bcf	0x6f8bcf	0x6f8bd6
0x100acbd8	memcpy	SAME	屏蔽元宝增减信息	屏蔽元宝增减信息	0x6f8c02	0x6f8c02	0x6f8c09
0x100acc15	memcpy	SAME	屏蔽元宝增减信息	屏蔽元宝增减信息	0x6f8b25	0x6f8b25	0x6f8b28
0x100acc52	memcpy	SAME	屏蔽元宝增减信息	屏蔽元宝增减信息	0x6f8b62	0x6f8b62	0x6f8b65
0x100acc8f	memcpy	SAME	屏蔽元宝增减信息	屏蔽元宝增减信息	0x6f8288	0x6f8288	0x6f828b
0x100acccc	memcpy	SAME	屏蔽元宝增减信息	屏蔽元宝增减信息	0x6f82c5	0x6f82c5	0x6f82c8
0x100acd37	memcpy	SAME	屏蔽元宝数据库日志	屏蔽元宝数据库日志	0x70f6dc	0x70f6dc	0x70f6dd
0x100acdbb	memcpy	SAME	屏蔽元宝数据库日志	屏蔽元宝数据库日志	0x70f6dc	0x70f6dc	0x70f6dd
0x100acec7	memcpy	SAME	指定地图编号摆摊	指定地图编号摆摊	0x6e7930	0x6e7930	0x6e7934
0x100acf06	memcpy	SAME	指定地图编号摆摊	指定地图编号摆摊	0x6e7934	0x6e7934	-
0x100acf40	memcpy	SAME	指定地图编号摆摊	指定地图编号摆摊	0x6e7c5f	0x6e7c5f	0x6e7c61
0x100acf7a	memcpy	SAME	指定地图编号摆摊	指定地图编号摆摊	0x6e7c1c	0x6e7c1c	0x6e7c26
0x100ad04b	memcpy	SAME	指定地图编号摆摊	指定地图编号摆摊	0x6e7930	0x6e7930	0x6e7938
0x100ad085	memcpy	SAME	指定地图编号摆摊	指定地图编号摆摊	0x6e7c1c	0x6e7c1c	0x6e7c26
0x100ad0bf	memcpy	SAME	指定地图编号摆摊	指定地图编号摆摊	0x6e7c5f	0x6e7c5f	0x6e7c61
0x100ad12a	memcpy	SAME	关闭摆摊	关闭摆摊	0x6e7c38	0x6e7c38	0x6e7c39
0x100ad1ae	memcpy	SAME	关闭摆摊	关闭摆摊	0x6e7c38	0x6e7c38	0x6e7c39
0x100ad427	tramp2	NEW	死亡触发		0x6c09b5	-	0x6c09ba
0x100ad555	memcpy	SAME	死亡触发	死亡触发	0x6c09b5	0x6c09b5	0x6c09ba
0x100ad628	tramp2	NEW	回城按钮触发		0x6dbb80	-	0x6dbb85
0x100ad768	memcpy	SAME	回城按钮触发	回城按钮触发	0x6dbb80	0x6dbb80	0x6dbb85
0x100ad8d1	tramp2	NEW	盘古穿戴触发		0x6d8e35	-	0x6d8e3a
0x100ad91d	tramp2	NEW	盘古穿戴触发		0x6d8e4d	-	0x6d8e52
0x100adac7	memcpy	SAME	盘古穿戴触发	盘古穿戴触发	0x6d8e35	0x6d8e35	0x6d8e3a
0x100adb05	memcpy	SAME	盘古穿戴触发	盘古穿戴触发	0x6d8e4d	0x6d8e4d	0x6d8e52
0x100addbf	tramp2	NEW	盘古魔法攻击触发		0x76e1af	-	0x76e1b6
0x100ade0e	tramp2	NEW	盘古魔法攻击触发		0x76dec0	-	0x76dec7
0x100adfbe	memcpy	SAME	盘古魔法攻击触发	盘古魔法攻击触发	0x76e1af	0x76e1af	0x76e1b6
0x100adffc	memcpy	SAME	盘古魔法攻击触发	盘古魔法攻击触发	0x76dec0	0x76dec0	0x76dec7
0x100ae0e1	tramp2	NEW	挖矿触发		0x6ec111	-	0x6ec116
0x100ae20f	memcpy	SAME	挖矿触发	挖矿触发	0x6ec111	0x6ec111	0x6ec116
0x100ae2f6	tramp2	NEW	召唤骷髅触发		0x6edb44	-	0x6edb49
0x100ae438	memcpy	SAME	召唤骷髅触发	召唤骷髅触发	0x6edb44	0x6edb44	0x6edb49
0x100ae51f	tramp2	NEW	召唤神兽触发		0x6edc5e	-	0x6edc63
0x100ae668	memcpy	SAME	召唤神兽触发	召唤神兽触发	0x6edc5e	0x6edc5e	0x6edc63
0x100ae7f5	tramp2	NEW	心灵启示触发		0x6edc2b	-	0x6edc30
0x100ae93d	memcpy	SAME	心灵启示触发	心灵启示触发	0x6edc2b	0x6edc2b	0x6edc30
0x100aeb28	tramp2	NEW	脚本控制头发外显		0x740f85	-	0x740f8a
0x100aebd1	memcpy	SAME	脚本控制头发外显	脚本控制头发外显	0x740f85	0x740f85	0x740f8a
0x100aede2	memcpy	SAME	盘古高级属性	盘古高级属性	0x6ba72d	0x6ba72d	0x6ba741
0x100aee1c	memcpy	SAME	盘古高级属性	盘古高级属性	0x6f9ab0	0x6f9ab0	0x6f9adb
0x100aee46	tramp2	NEW	盘古高级属性		0x6ba718	-	0x6ba71d
0x100aefad	memcpy	SAME	盘古高级属性	盘古高级属性	0x6ba718	0x6ba718	0x6ba71d
0x100aefe7	memcpy	SAME	盘古高级属性	盘古高级属性	0x6ba72d	0x6ba72d	0x6ba744
0x100af021	memcpy	SAME	盘古高级属性	盘古高级属性	0x6f9ab0	0x6f9ab0	0x6f9adb
0x100b2199	tramp2	NEW	武器绿毒		0x76e2bc	-	0x76e2c3
0x100b224e	memcpy	SAME	武器绿毒	武器绿毒	0x76e2bc	0x76e2bc	0x76e2c3
0x100b2468	tramp2	NEW	噬魂沼泽绿毒修复		0x691e2e	-	0x691e34
0x100b2516	memcpy	SAME	噬魂沼泽绿毒修复	噬魂沼泽绿毒修复	0x691e2e	0x691e2e	0x691e34
0x100b26d5	tramp2	NEW	物功带毒		0x76e2bc	-	0x76e2c3
0x100b278a	memcpy	SAME	物功带毒	物功带毒	0x76e2bc	0x76e2bc	0x76e2c3
0x100b2959	tramp2	NEW	法师群毒		0x76e1a9	-	0x76e1af
0x100b2a07	memcpy	SAME	法师群毒	法师群毒	0x76e1a9	0x76e1a9	0x76e1af
0x100b2bc6	tramp2	NEW	雷电带毒		0x76eb1d	-	0x76eb24
0x100b2c7b	memcpy	SAME	雷电带毒	雷电带毒	0x76eb1d	0x76eb1d	0x76eb24
0x100b2e4a	tramp2	NEW	半月带毒		0x7720fb	-	0x772101
0x100b2ef8	memcpy	SAME	半月带毒	半月带毒	0x7720fb	0x7720fb	0x772101
0x100b381e	tramp2	NEW	野蛮麻痹		0x6bc9e2	-	0x6bc9e7
0x100b38ca	memcpy	SAME	野蛮麻痹	野蛮麻痹	0x6bc9e2	0x6bc9e2	0x6bc9e7
0x100b39b3	tramp2	NEW	火墙设置时间上限		0x7706b6	-	0x7706bc
0x100b3a61	memcpy	SAME	火墙设置时间上限	火墙设置时间上限	0x7706b6	0x7706b6	0x7706bc
0x100b417c	memcpy	SAME	刺杀剑术	刺杀剑术	0x771c25	0x771c25	0x771c27
0x100b45a3	memcpy	SAME	烈火剑法	烈火剑法	0x76b0ec	0x76b0ec	0x76b0ef
0x100b45da	memcpy	SAME	烈火剑法	烈火剑法	0x77231d	0x77231d	0x77231f
0x100b4750	memcpy	SAME	逐日剑法	逐日剑法	0x76b14c	0x76b14c	0x76b152
0x100b4787	memcpy	SAME	逐日剑法	逐日剑法	0x76b13e	0x76b13e	0x76b140
0x100b49d9	memcpy	SAME	基本剑术	基本剑术	0x76af96	0x76af96	0x76af99
0x100b4a10	memcpy	SAME	基本剑术	基本剑术	0x76afa9	0x76afa9	0x76afaf
0x100b4b98	memcpy	SAME	设置玩家称号函数_支持80字符	设置玩家称号函数_支持80字符	0x6df754	0x6df754	0x6df799
0x100b4cc8	memcpy	SAME	设置玩家称号函数_支持80字符	设置玩家称号函数_支持80字符	0x6df754	0x6df754	0x6df799
0x100b4d4c	memcpy	SAME	ServerSay函数	ServerSay函数	0x728913	0x728913	0x72891f
0x100b4de1	memcpy	SAME	ServerSay函数	ServerSay函数	0x728913	0x728913	0x72891f
0x100b8581	memcpy	SAME	施毒术	施毒术	0x76e599	0x76e599	0x76e5b8
0x100b8776	tramp2	NEW	中毒时间上限		0x76e675	-	0x76e67a
0x100b87bf	tramp2	NEW	中毒时间上限		0x76e5ce	-	0x76e5d3
0x100b88b5	memcpy	SAME	中毒时间上限	中毒时间上限	0x76e675	0x76e675	0x76e67a
0x100b88f0	memcpy	SAME	中毒时间上限	中毒时间上限	0x76e5ce	0x76e5ce	0x76e5d3
0x100b91a8	memcpy	SAME	屏蔽排行榜	屏蔽排行榜	0x6cba88	0x6cba88	0x6cba89
0x100b9226	memcpy	SAME	屏蔽排行榜	屏蔽排行榜	0x6cba88	0x6cba88	0x6cba89
0x100b92fd	tramp2	NEW	装备吸血		0x76e2a3	-	0x76e2a9
0x100b93af	memcpy	SAME	装备吸血	装备吸血	0x76e2a3	0x76e2a3	0x76e2a9
0x100b9595	memcpy	SAME	获取玩家对象函数	获取玩家对象函数	0x646f40	0x646f40	0x646f88
0x100b95c9	memcpy	SAME	获取玩家对象函数	获取玩家对象函数	0x647d24	0x647d24	0x647d78
0x100b9600	memcpy	SAME	获取玩家对象函数	获取玩家对象函数	0x736ef8	0x736ef8	0x736f04
0x100b9637	memcpy	SAME	获取玩家对象函数	获取玩家对象函数	0x736b28	0x736b28	0x736b31
0x100b9833	memcpy	SAME	获取玩家对象函数	获取玩家对象函数	0x647d24	0x647d24	0x647d78
0x100b986a	memcpy	SAME	获取玩家对象函数	获取玩家对象函数	0x736ef8	0x736ef8	0x736f04
0x100b98a1	memcpy	SAME	获取玩家对象函数	获取玩家对象函数	0x646f40	0x646f40	0x646f88
0x100b98d8	memcpy	SAME	获取玩家对象函数	获取玩家对象函数	0x736b28	0x736b28	0x736b31
0x100b99d9	tramp2	NEW	脚本控制人物爆率		0x6df2cc	-	0x6df2d5
0x100b9a35	memcpy	SAME	脚本控制人物爆率	脚本控制人物爆率	0x73dac5	0x73dac5	0x73dacb
0x100b9a6c	memcpy	SAME	脚本控制人物爆率	脚本控制人物爆率	0x73d578	0x73d578	0x73d57f
0x100b9b32	memcpy	SAME	脚本控制人物爆率	脚本控制人物爆率	0x6df2cc	0x6df2cc	0x6df2d5
0x100b9b69	memcpy	SAME	脚本控制人物爆率	脚本控制人物爆率	0x73dac5	0x73dac5	0x73dacb
0x100b9ba0	memcpy	SAME	脚本控制人物爆率	脚本控制人物爆率	0x73d578	0x73d578	0x73d57f
0x100b9f9e	tramp2	NEW	装备提升人物爆率		0x71fd37	-	0x71fd3d
0x100ba0ae	memcpy	SAME	装备提升人物爆率	装备提升人物爆率	0x71fd37	0x71fd37	0x71fd3d
0x100bf540	memcpy	SAME	屏蔽自动绑定	屏蔽自动绑定	0x74dc57	0x74dc57	0x74dc58
0x100bf56e	memcpy	SAME	屏蔽自动绑定	屏蔽自动绑定	0x74dd59	0x74dd59	0x74dd5a
0x100bf59c	memcpy	SAME	屏蔽自动绑定	屏蔽自动绑定	0x74ddc3	0x74ddc3	0x74ddc4
0x100bf5ca	memcpy	SAME	屏蔽自动绑定	屏蔽自动绑定	0x74ddef	0x74ddef	0x74ddf0
0x100bf644	memcpy	SAME	屏蔽自动绑定	屏蔽自动绑定	0x74dc57	0x74dc57	0x74dc58
0x100bf672	memcpy	SAME	屏蔽自动绑定	屏蔽自动绑定	0x74dd59	0x74dd59	0x74dd5a
0x100bf6a0	memcpy	SAME	屏蔽自动绑定	屏蔽自动绑定	0x74ddc3	0x74ddc3	0x74ddc4
0x100bf6ce	memcpy	SAME	屏蔽自动绑定	屏蔽自动绑定	0x74ddef	0x74ddef	0x74ddf0
0x100cf04e	tramp1	NEW	全屏拾取		0x6b795c	-	0x6b7968
0x100cf09d	tramp1	NEW	全屏拾取		0x6b796b	-	0x6b7977
0x100cf0ec	tramp1	NEW	全屏拾取		0x6b7a25	-	0x6b7a2b
0x100cf13b	tramp1	NEW	全屏拾取		0x6b7a2f	-	0x6b7a35
0x100cf23f	memcpy	SAME	全屏拾取	全屏拾取	0x6b795c	0x6b795c	0x6b7968
0x100cf280	memcpy	SAME	全屏拾取	全屏拾取	0x6b796b	0x6b796b	0x6b7977
0x100cf2c1	memcpy	SAME	全屏拾取	全屏拾取	0x6b7a25	0x6b7a25	0x6b7a2b
0x100cf302	memcpy	SAME	全屏拾取	全屏拾取	0x6b7a2f	0x6b7a2f	0x6b7a35
0x100cf36e	tramp1	NEW	刀刀切割		0x767bae	-	0x767bb4
0x100cf496	memcpy	SAME	刀刀切割	刀刀切割	0x767bae	0x767bae	0x767bb4
0x100d120a	tramp1	NEW	永久属性		0x73d9cf	-	0x73d9d7
0x100d125c	tramp1	NEW	永久属性		0x73d9d7	-	0x73d9e0
0x100d12ae	tramp1	NEW	永久属性		0x73d9e0	-	0x73d9e9
0x100d1300	tramp1	NEW	永久属性		0x73d9e9	-	0x73d9f2
0x100d1352	tramp1	NEW	永久属性		0x73d9f2	-	0x73d9fb
0x100d13a4	tramp1	NEW	永久属性		0x73d9fb	-	0x73da04
0x100d13f6	tramp1	NEW	永久属性		0x73da04	-	0x73da0d
0x100d1448	tramp1	NEW	永久属性		0x73da16	-	0x73da1f
0x100d149a	tramp1	NEW	永久属性		0x73da1f	-	0x73da28
0x100d14ec	tramp1	NEW	永久属性		0x73da28	-	0x73da31
0x100d153e	tramp1	NEW	永久属性		0x73da31	-	0x73da3a
0x100d1590	tramp1	NEW	永久属性		0x73da3a	-	0x73da43
0x100d1768	memcpy	SAME	永久属性	永久属性	0x73d9cf	0x73d9cf	0x73d9d7
0x100d17a9	memcpy	SAME	永久属性	永久属性	0x73d9d7	0x73d9d7	0x73d9e0
0x100d17ea	memcpy	SAME	永久属性	永久属性	0x73d9e0	0x73d9e0	0x73d9e9
0x100d182b	memcpy	SAME	永久属性	永久属性	0x73d9e9	0x73d9e9	0x73d9f2
0x100d186c	memcpy	SAME	永久属性	永久属性	0x73d9f2	0x73d9f2	0x73d9fb
0x100d18ad	memcpy	SAME	永久属性	永久属性	0x73d9fb	0x73d9fb	0x73da04
0x100d18ee	memcpy	SAME	永久属性	永久属性	0x73da04	0x73da04	0x73da0d
0x100d192f	memcpy	SAME	永久属性	永久属性	0x73da16	0x73da16	0x73da1f
0x100d1970	memcpy	SAME	永久属性	永久属性	0x73da1f	0x73da1f	0x73da28
0x100d19b1	memcpy	SAME	永久属性	永久属性	0x73da28	0x73da28	0x73da31
0x100d19f2	memcpy	SAME	永久属性	永久属性	0x73da31	0x73da31	0x73da3a
0x100d1a33	memcpy	SAME	永久属性	永久属性	0x73da3a	0x73da3a	0x73da43
0x100d1b56	tramp1	NEW	特殊属性		0x6e41bd	-	0x6e41c2
0x100d1ba8	tramp1	NEW	特殊属性		0x73d951	-	0x73d958
0x100d1c6c	memcpy	SAME	特殊属性	特殊属性	0x6e41bd	0x6e41bd	0x6e41c2
0x100d1cad	memcpy	SAME	特殊属性	特殊属性	0x73d951	0x73d951	0x73d958
0x100d1de6	tramp1	NEW	复活触发脚本		0x73c484	-	0x73c48a
0x100d1f0d	memcpy	SAME	复活触发脚本	复活触发脚本	0x73c484	0x73c484	0x73c48a
0x100d2256	tramp1	NEW	复活戒指改cd		0x73c4f2	-	0x73c4f8
0x100d22a5	tramp1	NEW	复活戒指改cd		0x73c47a	-	0x73c47f
0x100d22f4	tramp1	NEW	复活戒指改cd		0x743751	-	0x743756
0x100d23bf	memcpy	SAME	复活戒指改cd	复活戒指改cd	0x73c4f2	0x73c4f2	0x73c4f8
0x100d23fd	memcpy	SAME	复活戒指改cd	复活戒指改cd	0x73c47a	0x73c47a	0x73c47f
0x100d243b	memcpy	SAME	复活戒指改cd	复活戒指改cd	0x743751	0x743751	0x743756
0x100d25d0	tramp1	NEW	复活戒指概率		0x74373a	-	0x743741
0x100d2684	memcpy	SAME	复活戒指概率	复活戒指概率	0x74373a	0x74373a	0x743741
0x100d26fd	tramp1	NEW	被击杀触发		0x766624	-	0x766629
0x100d282c	memcpy	SAME	被击杀触发	被击杀触发	0x766624	0x766624	0x766629
0x100d2938	tramp1	NEW	移动速度		0x73d983	-	0x73d98a
0x100d29f9	memcpy	SAME	移动速度	移动速度	0x73d983	0x73d983	0x73d98a
0x100d2a71	tramp1	NEW	攻击反伤		0x767bb4	-	0x767bb9
0x100d2b26	memcpy	SAME	攻击反伤	攻击反伤	0x767bb4	0x767bb4	0x767bb9
0x100d2ba2	tramp1	NEW	捡物触发		0x6b770c	-	0x6b7711
0x100d2cd4	memcpy	SAME	捡物触发	捡物触发	0x6b770c	0x6b770c	0x6b7711
0x100d2d50	tramp1	NEW	攻击触发		0x76e35d	-	0x76e362
0x100d2e7f	memcpy	SAME	攻击触发	攻击触发	0x76e35d	0x76e35d	0x76e362
0x100d2f0b	tramp1	NEW	魔法攻击触发		0x76de84	-	0x76de8a
0x100d305f	memcpy	SAME	魔法攻击触发	魔法攻击触发	0x76de84	0x76de84	0x76de8a
0x100d3509	tramp1	NEW	新穿戴触发		0x75f085	-	0x75f08c
0x100d355b	tramp1	NEW	新穿戴触发		0x75ea37	-	0x75ea3c
0x100d371c	memcpy	SAME	新穿戴触发	新穿戴触发	0x75f085	0x75f085	0x75f08c
0x100d375a	memcpy	SAME	新穿戴触发	新穿戴触发	0x75ea37	0x75ea37	0x75ea3c
0x100d383b	tramp1	NEW	禁止装备自动绑定		0x784351	-	0x784358
0x100d390a	memcpy	SAME	禁止装备自动绑定	禁止装备自动绑定	0x784351	0x784351	0x784358
0x100d3979	tramp1	NEW	AddLimLF函数修改		0x6de8e3	-	0x6de8eb
0x100d3a30	memcpy	SAME	AddLimLF函数修改	AddLimLF函数修改	0x6de8e3	0x6de8e3	0x6de8eb
0x100d3a9f	tramp1	NEW	IncActivePoint函数修改		0x6f91ba	-	0x6f91c0
0x100d3b55	memcpy	SAME	IncActivePoint函数修改	IncActivePoint函数修改	0x6f91ba	0x6f91ba	0x6f91c0
0x100d3bc4	tramp1	NEW	新倍攻和暴击		0x76c88b	-	0x76c890
0x100d3cec	memcpy	SAME	新倍攻和暴击	新倍攻和暴击	0x76c88b	0x76c88b	0x76c890
0x100d3d5b	tramp1	NEW	give极品		0x6c89ae	-	0x6c89b6
0x100d3e12	memcpy	SAME	give极品	give极品	0x6c89ae	0x6c89ae	0x6c89b6
0x100d3e8a	tramp1	NEW	麻痹概率		0x76e2d2	-	0x76e2d7
0x100d3f3f	memcpy	SAME	麻痹概率	麻痹概率	0x76e2d2	0x76e2d2	0x76e2d7
0x100d4417	tramp1	NEW	英雄穿戴触发		0x75f08c	-	0x75f093
0x100d4469	tramp1	NEW	英雄穿戴触发		0x75ea31	-	0x75ea37
0x100d4633	memcpy	SAME	英雄穿戴触发	英雄穿戴触发	0x75f08c	0x75f08c	0x75f093
0x100d4674	memcpy	SAME	英雄穿戴触发	英雄穿戴触发	0x75ea31	0x75ea31	0x75ea37
0x100d46e3	tramp1	NEW	英雄攻速移速		0x73da43	-	0x73da4c
0x100d47a5	memcpy	SAME	英雄攻速移速	英雄攻速移速	0x73da43	0x73da43	0x73da4c
0x100d4814	tramp1	NEW	BB杀怪触发		0x71f467	-	0x71f46c
0x100d4945	memcpy	SAME	BB杀怪触发	BB杀怪触发	0x71f467	0x71f467	0x71f46c
0x100d49b4	tramp1	NEW	英雄倍攻和暴击		0x76c816	-	0x76c81d
0x100d4af9	memcpy	SAME	英雄倍攻和暴击	英雄倍攻和暴击	0x76c816	0x76c816	0x76c81d
0x100d4b75	tramp1	NEW	BB死亡触发		0x76631c	-	0x766321
0x100d4cb7	memcpy	SAME	BB死亡触发	BB死亡触发	0x76631c	0x76631c	0x766321
0x100d4f10	tramp1	NEW	特殊宝宝		0x7671a2	-	0x7671a8
0x100d4f62	tramp1	NEW	特殊宝宝		0x76de42	-	0x76de4c
0x100d503d	memcpy	SAME	特殊宝宝	特殊宝宝	0x7671a2	0x7671a2	0x7671a8
0x100d507e	memcpy	SAME	特殊宝宝	特殊宝宝	0x76de42	0x76de42	0x76de4c
0x100d50ed	tramp1	NEW	英雄施法速度		0x68dd60	-	0x68dd65
0x100d51a1	memcpy	SAME	英雄施法速度	英雄施法速度	0x68dd60	0x68dd60	0x68dd65
0x100d533d	tramp1	NEW	读取英雄装备		0x6e04e7	-	0x6e04ec
0x100d53e8	memcpy	SAME	读取英雄装备	读取英雄装备	0x6e04e7	0x6e04e7	0x6e04ec
0x100d569e	tramp1	NEW	装备来源		0x71fe90	-	0x71fe95
0x100d56f0	tramp1	NEW	装备来源		0x6c8aaa	-	0x6c8aaf
0x100d57bc	memcpy	SAME	装备来源	装备来源	0x71fe90	0x71fe90	0x71fe95
0x100d57fa	memcpy	SAME	装备来源	装备来源	0x6c8aaa	0x6c8aaa	0x6c8aaf
0x100d5968	tramp1	NEW	上线触发		0x6548bd	-	0x6548c2
0x100d5a94	memcpy	SAME	上线触发	上线触发	0x6548bd	0x6548bd	0x6548c2
0x100d5c12	tramp1	NEW	永久攻速		0x73d9a0	-	0x73d9ab
0x100d5cdd	memcpy	SAME	永久攻速	永久攻速	0x73d9a0	0x73d9a0	0x73d9ab
0x100d8a3d	tramp1	NEW	地狱雷光系数		0x76f61a	-	0x76f61f
0x100d8ae8	memcpy	SAME	地狱雷光系数	地狱雷光系数	0x76f61a	0x76f61a	0x76f61f
0x100d8cde	tramp1	NEW	地狱雷光范围		0x76f63d	-	0x76f646
0x100d8da0	memcpy	SAME	地狱雷光范围	地狱雷光范围	0x76f63d	0x76f63d	0x76f646
0x100d8e0f	tramp1	NEW	爆裂火焰可换主属性		0x76f23b	-	0x76f249
0x100d8ee7	memcpy	SAME	爆裂火焰可换主属性	爆裂火焰可换主属性	0x76f23b	0x76f23b	0x76f249
0x100d8f56	tramp1	NEW	爆裂火焰范围及系数		0x76f26b	-	0x76f272
0x100d901d	memcpy	SAME	爆裂火焰范围及系数	爆裂火焰范围及系数	0x76f26b	0x76f26b	0x76f272
0x100d908c	tramp1	NEW	地狱雷光可换主属性		0x76f5fb	-	0x76f609
0x100d9164	memcpy	SAME	地狱雷光可换主属性	地狱雷光可换主属性	0x76f5fb	0x76f5fb	0x76f609
0x100d91d3	tramp1	NEW	激光电影可换主属性		0x76e9b5	-	0x76e9c3
0x100d92ab	memcpy	SAME	激光电影可换主属性	激光电影可换主属性	0x76e9b5	0x76e9b5	0x76e9c3
0x100d931a	tramp1	NEW	激光范围及系数		0x76ea07	-	0x76ea0d
0x100d93d6	memcpy	SAME	激光范围及系数	激光范围及系数	0x76ea07	0x76ea07	0x76ea0d
0x100d95ba	tramp1	NEW	激光命中概率		0x76ea14	-	0x76ea19
0x100d9665	memcpy	SAME	激光命中概率	激光命中概率	0x76ea14	0x76ea14	0x76ea19
0x100d96d4	tramp1	NEW	火球主属性切换		0x76e3e6	-	0x76e3f4
0x100d97ac	memcpy	SAME	火球主属性切换	火球主属性切换	0x76e3e6	0x76e3e6	0x76e3f4
0x100d9974	tramp1	NEW	火球自定义范围		0x76e425	-	0x76e42e
0x100d9a36	memcpy	SAME	火球自定义范围	火球自定义范围	0x76e425	0x76e425	0x76e42e
0x100d9aa5	tramp1	NEW	雷电主属性切换		0x76ea8a	-	0x76ea98
0x100d9b7d	memcpy	SAME	雷电主属性切换	雷电主属性切换	0x76ea8a	0x76ea8a	0x76ea98
0x100d9d45	tramp1	NEW	雷电自定义范围		0x76eb06	-	0x76eb0f
0x100d9e07	memcpy	SAME	雷电自定义范围	雷电自定义范围	0x76eb06	0x76eb06	0x76eb0f
0x100d9e76	tramp1	NEW	冰咆哮主属性切换		0x76f2cb	-	0x76f2d9
0x100d9f4e	memcpy	SAME	冰咆哮主属性切换	冰咆哮主属性切换	0x76f2cb	0x76f2cb	0x76f2d9
0x100d9fbd	tramp1	NEW	冰咆哮主属性切换		0x76f2cb	-	0x76f2d9
0x100da095	memcpy	SAME	冰咆哮主属性切换	冰咆哮主属性切换	0x76f2cb	0x76f2cb	0x76f2d9
0x100da231	tramp1	NEW	冰咆哮范围		0x76f300	-	0x76f309
0x100da2f3	memcpy	SAME	冰咆哮范围	冰咆哮范围	0x76f300	0x76f300	0x76f309
0x100da362	tramp1	NEW	火雨主属切换		0x76f365	-	0x76f373
0x100da43a	memcpy	SAME	火雨主属切换	火雨主属切换	0x76f365	0x76f365	0x76f373
0x100da50d	tramp1	NEW	嗜血术倍数		0x76fc2b	-	0x76fc31
0x100da5c9	memcpy	SAME	嗜血术倍数	嗜血术倍数	0x76fc2b	0x76fc2b	0x76fc31
0x100da719	memcpy	SAME	免毒符	免毒符	0x6ed945	0x6ed945	0x6ed949
0x100da756	memcpy	SAME	免毒符	免毒符	0x6ed9d1	0x6ed9d1	0x6ed9d7
0x100da793	memcpy	SAME	免毒符	免毒符	0x6ed9eb	0x6ed9eb	0x6ed9f5
0x100da7d0	memcpy	SAME	免毒符	免毒符	0x6eda85	0x6eda85	0x6eda87
0x100da80d	memcpy	SAME	免毒符	免毒符	0x6edab1	0x6edab1	0x6edab3
0x100da84a	memcpy	SAME	免毒符	免毒符	0x6edadf	0x6edadf	0x6edae1
0x100da884	memcpy	SAME	免毒符	免毒符	0x6edb11	0x6edb11	0x6edb17
0x100da8c1	memcpy	SAME	免毒符	免毒符	0x6edb3e	0x6edb3e	0x6edb40
0x100da8fe	memcpy	SAME	免毒符	免毒符	0x6edb65	0x6edb65	0x6edb67
0x100da93b	memcpy	SAME	免毒符	免毒符	0x6edb8c	0x6edb8c	0x6edb8e
0x100da975	memcpy	SAME	免毒符	免毒符	0x6edc58	0x6edc58	0x6edc5a
0x100da9af	memcpy	SAME	免毒符	免毒符	0x6ede1d	0x6ede1d	0x6ede1f
0x100dab1e	memcpy	SAME	免毒符	免毒符	0x6ed945	0x6ed945	0x6ed949
0x100dab55	memcpy	SAME	免毒符	免毒符	0x6ed9d1	0x6ed9d1	0x6ed9d7
0x100dab92	memcpy	SAME	免毒符	免毒符	0x6ed9eb	0x6ed9eb	0x6ed9f5
0x100dabcc	memcpy	SAME	免毒符	免毒符	0x6eda85	0x6eda85	0x6eda87
0x100dac06	memcpy	SAME	免毒符	免毒符	0x6edab1	0x6edab1	0x6edab3
0x100dac40	memcpy	SAME	免毒符	免毒符	0x6edadf	0x6edadf	0x6edae1
0x100dac77	memcpy	SAME	免毒符	免毒符	0x6edb11	0x6edb11	0x6edb17
0x100dacb1	memcpy	SAME	免毒符	免毒符	0x6edb3e	0x6edb3e	0x6edb40
0x100daceb	memcpy	SAME	免毒符	免毒符	0x6edb65	0x6edb65	0x6edb67
0x100dad28	memcpy	SAME	免毒符	免毒符	0x6edb8c	0x6edb8c	0x6edb8e
0x100dad62	memcpy	SAME	免毒符	免毒符	0x6edc58	0x6edc58	0x6edc5a
0x100dad9f	memcpy	SAME	免毒符	免毒符	0x6ede1d	0x6ede1d	0x6ede1f
0x100db11c	tramp1	NEW	野蛮等级		0x768f67	-	0x768f6e
0x100db1d7	memcpy	SAME	野蛮等级	野蛮等级	0x768f67	0x768f67	0x768f6e
0x100db2db	tramp1	NEW	中毒飘血		0x767e10	-	0x767e16
0x100db388	memcpy	SAME	中毒飘血	中毒飘血	0x767e10	0x767e10	0x767e16
0x100db451	memcpy	SAME	删除技能不提示	删除技能不提示	0x6c7797	0x6c7797	0x6c779c
0x100db542	memcpy	SAME	删除技能不提示	删除技能不提示	0x6c7797	0x6c7797	0x6c779c
0x100db61c	memcpy	SAME	升级技能不提示	升级技能不提示	0x73f5ee	0x73f5ee	0x73f5f4
0x100db70f	memcpy	SAME	升级技能不提示	升级技能不提示	0x73f5ee	0x73f5ee	0x73f5f4
0x100db803	memcpy	SAME	禁止发言不提示	禁止发言不提示	0x6bb5cd	0x6bb5cd	0x6bb5d3
0x100db83a	memcpy	SAME	禁止发言不提示	禁止发言不提示	0x6bb625	0x6bb625	0x6bb62b
0x100db874	memcpy	SAME	禁止发言不提示	禁止发言不提示	0x6c94a9	0x6c94a9	0x6c94af
0x100db981	memcpy	SAME	禁止发言不提示	禁止发言不提示	0x6bb5cd	0x6bb5cd	0x6bb5d3
0x100db9b8	memcpy	SAME	禁止发言不提示	禁止发言不提示	0x6bb625	0x6bb625	0x6bb62b
0x100db9f2	memcpy	SAME	禁止发言不提示	禁止发言不提示	0x6c94a9	0x6c94a9	0x6c94af
